name,category,diet,prep_time,ingredients,instructions,calories,protein,carbs,fat,fiber,cuisine,serving_size,equipment,tags,allergens,estimated_cost,storage_tips,pairing,occasion,image_url
Paneer Curry,Main Course,veg,30 min,paneer; onion; tomato; spices,Chop onions. Fry paneer. Add spices. Simmer.,350 cal,18g,20g,12g,5g,Indian,2,"pan, spatula","spicy, dinner",dairy,₹150,Store in fridge 2 days,"naan, rice",dinner,https://upload.wikimedia.org/wikipedia/commons/1/15/Paneer_curry.jpg
Fruit Salad,Dessert,veg,10 min,apple; banana; grapes; honey,Cut fruits. Mix with honey.,120 cal,2g,30g,1g,4g,Global,1,"bowl, spoon","healthy, sweet",none,₹50,"Best fresh, 1 day",yogurt,party,https://upload.wikimedia.org/wikipedia/commons/3/36/Fruit_salad.jpg
Chicken Biryani,Main Course,non-veg,60 min,chicken; rice; spices; yogurt,Marinate chicken. Cook rice. Layer & steam.,600 cal,35g,70g,20g,6g,Indian,4,"pot, pan","festive, spicy",dairy,₹300,Refrigerate 2 days,raita,festival,https://upload.wikimedia.org/wikipedia/commons/6/6f/Chicken_Biryani.jpg
Veg Sandwich,Snacks,veg,15 min,bread; cucumber; tomato; cheese,Slice veggies. Assemble sandwich. Toast.,250 cal,10g,30g,8g,3g,Global,1,"toaster, knife","quick, breakfast",gluten,₹80,Eat same day,tea,breakfast,https://upload.wikimedia.org/wikipedia/commons/4/4f/Veg_sandwich.jpg
Gulab Jamun,Dessert,veg,40 min,milk powder; sugar; ghee,Knead dough. Fry balls. Soak in syrup.,300 cal,5g,45g,10g,1g,Indian,2,"pan, ladle","sweet, festive",dairy,₹120,Refrigerate 3 days,vanilla ice cream,wedding,https://upload.wikimedia.org/wikipedia/commons/0/0b/Gulab_Jamun.jpg
Masala Dosa,Snacks,veg,25 min,dosa batter; potato; onion; spices,Cook dosa. Prepare potato filling. Serve hot.,280 cal,6g,40g,8g,4g,South Indian,1,"tawa, spatula","traditional, street",gluten,₹100,Eat immediately,"chutney, sambar",breakfast,https://upload.wikimedia.org/wikipedia/commons/7/7e/Masala_Dosa.jpg
Pasta Alfredo,Main Course,veg,25 min,pasta; cream; cheese; garlic,Boil pasta. Make sauce. Mix & serve.,400 cal,12g,50g,15g,3g,Italian,2,"pot, pan","creamy, dinner",dairy,₹200,Refrigerate 2 days,wine,dinner,https://upload.wikimedia.org/wikipedia/commons/9/9d/Fettuccine_Alfredo.jpg
Samosa,Snacks,veg,30 min,potato; peas; flour; spices,Make filling. Wrap in dough. Fry till golden.,180 cal,4g,25g,7g,2g,Indian,2,"pan, rolling pin","street food, spicy",gluten,₹60,"Best fresh, 1 day",chutney,tea-time,https://upload.wikimedia.org/wikipedia/commons/1/1f/Samosa.jpg
Butter Chicken,Main Course,non-veg,45 min,chicken; butter; cream; spices,Cook chicken. Add sauce.,500 cal,30g,20g,25g,4g,Indian,2,"pan, ladle","creamy, spicy",dairy,₹350,Refrigerate 2 days,naan,dinner,https://upload.wikimedia.org/wikipedia/commons/3/3f/Butter_chicken.jpg
Pizza Margherita,Main Course,veg,25 min,pizza base; tomato; mozzarella; basil,Bake base with toppings.,300 cal,12g,40g,10g,3g,Italian,2,oven,"fast food, dinner",gluten,₹250,Eat same day,soft drink,party,https://upload.wikimedia.org/wikipedia/commons/2/2a/Pizza_Margherita.jpg
Rajma Chawal,Main Course,veg,40 min,rajma; rice; onion; tomato; spices,Cook rajma curry; boil rice; serve together.,380 cal,15g,60g,8g,6g,Indian,2,"pot, pan","comfort food, dinner",none,₹120,Refrigerate 2 days,pickle,dinner,https://upload.wikimedia.org/wikipedia/commons/8/89/Rajma_Chawal.jpg
Chole Bhature,Main Course,veg,50 min,chickpeas; flour; yogurt; spices,Cook chole curry; fry bhature.,450 cal,18g,65g,12g,7g,Indian,2,"pan, rolling pin","street food, festive",gluten,₹150,Eat same day,lassi,festival,https://upload.wikimedia.org/wikipedia/commons/3/3e/Chole_Bhature.jpg
Idli Sambar,Snacks,veg,30 min,idli batter; lentils; tamarind; spices,Steam idlis; cook sambar.,300 cal,10g,50g,5g,4g,South Indian,2,"idli stand, pot","breakfast, traditional",none,₹80,Eat same day,chutney,breakfast,https://upload.wikimedia.org/wikipedia/commons/6/6e/Idli_Sambar.jpg
Pav Bhaji,Snacks,veg,35 min,bread; potato; peas; tomato; spices,Cook bhaji; toast pav.,320 cal,8g,45g,10g,5g,Indian,2,"pan, spatula","street food, spicy",gluten,₹100,Eat same day,onion salad,tea-time,https://upload.wikimedia.org/wikipedia/commons/3/3f/Pav_Bhaji.jpg
Hyderabadi Biryani,Main Course,non-veg,70 min,mutton; rice; yogurt; spices,Marinate meat; cook rice; layer & steam.,650 cal,30g,70g,22g,6g,Indian,4,"pot, pan","festive, spicy",dairy,₹400,Refrigerate 2 days,raita,festival,https://upload.wikimedia.org/wikipedia/commons/7/7e/Hyderabadi_Biryani.jpg
Palak Paneer,Main Course,veg,30 min,paneer; spinach; onion; tomato; spices,Cook spinach puree; add paneer.,320 cal,16g,20g,12g,5g,Indian,2,"pan, blender","healthy, dinner",dairy,₹180,Refrigerate 2 days,naan,dinner,https://upload.wikimedia.org/wikipedia/commons/2/2e/Palak_Paneer.jpg
Aloo Paratha,Snacks,veg,25 min,flour; potato; onion; spices,Make dough; stuff potato; cook on tawa.,280 cal,7g,40g,8g,4g,North Indian,1,"tawa, rolling pin","breakfast, street food",gluten,₹60,Eat same day,curd,breakfast,https://upload.wikimedia.org/wikipedia/commons/4/4d/Aloo_Paratha.jpg
Fish Curry,Main Course,non-veg,40 min,fish; coconut; tamarind; spices,Cook curry base; add fish.,420 cal,25g,15g,20g,3g,Indian,2,"pan, ladle","coastal, spicy",fish,₹250,Refrigerate 1 day,rice,dinner,https://upload.wikimedia.org/wikipedia/commons/2/2a/Fish_Curry.jpg
Dal Tadka,Main Course,veg,25 min,lentils; onion; tomato; spices,Boil dal; temper with spices.,280 cal,12g,35g,6g,5g,Indian,2,"pot, pan","comfort food, dinner",none,₹80,Refrigerate 2 days,roti,dinner,https://upload.wikimedia.org/wikipedia/commons/5/5e/Dal_Tadka.jpg
Spaghetti Carbonara,Main Course,non-veg,25 min,spaghetti; egg; bacon; cheese,Boil pasta; mix with sauce.,500 cal,20g,60g,18g,3g,Italian,2,"pot, pan","creamy, dinner",gluten,₹220,Eat same day,wine,dinner,https://upload.wikimedia.org/wikipedia/commons/2/2e/Spaghetti_Carbonara.jpg
Lasagna,Main Course,non-veg,60 min,pasta sheets; meat; cheese; tomato,Layer pasta with sauce; bake.,600 cal,25g,70g,20g,4g,Italian,4,oven,"baked, dinner",gluten,₹350,Refrigerate 2 days,garlic bread,party,https://upload.wikimedia.org/wikipedia/commons/3/3b/Lasagna.jpg
Risotto,Main Course,veg,40 min,rice; broth; cheese; onion,Cook rice slowly with broth.,400 cal,12g,55g,14g,2g,Italian,2,"pan, ladle","creamy, dinner",dairy,₹200,Eat same day,wine,dinner,https://upload.wikimedia.org/wikipedia/commons/9/9e/Risotto.jpg
Bruschetta,Snacks,veg,15 min,bread; tomato; basil; olive oil,Toast bread; top with tomato mix.,180 cal,5g,25g,6g,2g,Italian,2,oven,"starter, party",gluten,₹80,Eat same day,wine,party,https://upload.wikimedia.org/wikipedia/commons/5/5e/Bruschetta.jpg
Ravioli,Main Course,veg,35 min,pasta dough; cheese; spinach,Stuff pasta; boil; serve with sauce.,350 cal,12g,40g,10g,3g,Italian,2,"rolling pin, pot","traditional, dinner",gluten,₹220,Eat same day,wine,dinner,https://upload.wikimedia.org/wikipedia/commons/9/9d/Ravioli.jpg
Minestrone Soup,Snacks,veg,30 min,vegetables; beans; pasta; broth,Cook vegetables; add pasta & broth.,250 cal,8g,35g,5g,6g,Italian,2,pot,"healthy, starter",gluten,₹120,Refrigerate 1 day,bread,dinner,https://upload.wikimedia.org/wikipedia/commons/3/3e/Minestrone.jpg
Falafel,Snacks,veg,25 min,chickpeas; herbs; spices,Blend chickpeas; fry balls.,300 cal,12g,30g,10g,6g,Middle Eastern,2,"pan, blender","street food, vegan",none,₹100,Eat same day,hummus,tea-time,https://upload.wikimedia.org/wikipedia/commons/6/6e/Falafel.jpg
Shawarma,Main Course,non-veg,30 min,chicken; pita; garlic sauce,Grill chicken; wrap in pita.,400 cal,25g,35g,15g,3g,Middle Eastern,2,"grill, knife","street food, dinner",gluten,₹180,Eat same day,fries,dinner,https://upload.wikimedia.org/wikipedia/commons/7/7e/Shawarma.jpg
Hummus,Snacks,veg,15 min,chickpeas; tahini; lemon; garlic,Blend ingredients into paste.,200 cal,6g,20g,8g,5g,Middle Eastern,2,blender,"dip, vegan",none,₹80,Refrigerate 2 days,pita bread,party,https://upload.wikimedia.org/wikipedia/commons/5/5e/Hummus.jpg
Tacos,Main Course,non-veg,20 min,tortilla; beef; lettuce; cheese,Cook beef; fill tortilla.,350 cal,18g,30g,12g,3g,Mexican,2,pan,"street food, dinner",gluten,₹150,Eat same day,salsa,party,https://upload.wikimedia.org/wikipedia/commons/9/9d/Tacos.jpg
Burritos,Main Course,non-veg,25 min,tortilla; beans; rice; chicken,Fill tortilla; wrap; serve.,450 cal,20g,50g,15g,6g,Mexican,2,pan,"street food, dinner",gluten,₹180,Eat same day,guacamole,dinner,https://upload.wikimedia.org/wikipedia/commons/9/9d/Burrito.jpg
Quesadillas,Snacks,non-veg,20 min,tortilla; chicken; cheese; peppers,Fill tortilla; grill until crisp.,380 cal,18g,35g,14g,3g,Mexican,2,pan,"street food, dinner",gluten,₹160,Eat same day,salsa,party,https://upload.wikimedia.org/wikipedia/commons/9/9a/Quesadilla.jpg
Nachos,Snacks,veg,15 min,corn chips; cheese; beans; jalapenos,Layer chips with toppings; bake.,320 cal,10g,40g,12g,4g,Mexican,2,oven,party snack,dairy,₹120,Eat same day,guacamole,party,https://upload.wikimedia.org/wikipedia/commons/6/6a/Nachos.jpg
Enchiladas,Main Course,non-veg,40 min,tortilla; chicken; tomato sauce; cheese,Fill tortillas; cover with sauce; bake.,450 cal,22g,45g,16g,5g,Mexican,2,oven,"spicy, dinner",gluten,₹200,Eat same day,sour cream,dinner,https://upload.wikimedia.org/wikipedia/commons/3/3e/Enchiladas.jpg
Tamales,Snacks,non-veg,60 min,corn dough; chicken; spices,Wrap filling in corn husk; steam.,400 cal,18g,50g,12g,5g,Mexican,2,steamer,"traditional, festive",none,₹180,Eat same day,salsa,festival,https://upload.wikimedia.org/wikipedia/commons/4/4e/Tamales.jpg
Churros,Dessert,veg,25 min,flour; sugar; butter; cinnamon,Make dough; fry; coat with sugar.,280 cal,5g,40g,10g,2g,Spanish,2,pan,"sweet, festive",gluten,₹100,Eat same day,hot chocolate,party,https://upload.wikimedia.org/wikipedia/commons/5/5e/Churros.jpg
Kung Pao Chicken,Main Course,non-veg,30 min,chicken; peanuts; chili; soy sauce,Stir fry chicken with sauce.,420 cal,28g,20g,18g,3g,Chinese,2,wok,"spicy, dinner",peanuts,₹220,Eat same day,fried rice,dinner,https://upload.wikimedia.org/wikipedia/commons/7/7e/Kung_Pao_Chicken.jpg
Sweet and Sour Pork,Main Course,non-veg,35 min,pork; pineapple; bell peppers; sauce,Fry pork; toss with sauce.,450 cal,25g,35g,20g,2g,Chinese,2,wok,"sweet, dinner",none,₹250,Eat same day,rice,dinner,https://upload.wikimedia.org/wikipedia/commons/3/3e/Sweet_and_Sour_Pork.jpg
Spring Rolls,Snacks,veg,20 min,flour sheets; cabbage; carrot; spices,Fill sheets; roll; deep fry.,200 cal,6g,25g,8g,3g,Chinese,2,pan,"starter, party",gluten,₹80,Eat same day,chili sauce,party,https://upload.wikimedia.org/wikipedia/commons/2/2e/Spring_Rolls.jpg
Mapo Tofu,Main Course,veg,25 min,tofu; chili paste; garlic; soy sauce,Cook tofu in spicy sauce.,300 cal,12g,20g,14g,2g,Chinese,2,wok,"spicy, vegan",soy,₹150,Eat same day,rice,dinner,https://upload.wikimedia.org/wikipedia/commons/9/9d/Mapo_Tofu.jpg
Peking Duck,Main Course,non-veg,90 min,duck; soy sauce; honey; spices,Roast duck until crisp.,600 cal,35g,20g,25g,2g,Chinese,4,oven,"festive, dinner",none,₹600,Eat same day,pancakes,festival,https://upload.wikimedia.org/wikipedia/commons/6/6f/Peking_Duck.jpg
Brownies,Dessert,veg,40 min,flour; cocoa; sugar; butter,Mix batter; bake.,350 cal,6g,45g,15g,3g,Global,2,oven,"sweet, party",gluten,₹120,Store in fridge 3 days,ice cream,party,https://upload.wikimedia.org/wikipedia/commons/7/7e/Brownies.jpg
Cheesecake,Dessert,veg,60 min,cream cheese; sugar; eggs; biscuit base,Mix filling; bake; chill.,400 cal,8g,40g,20g,2g,Global,2,oven,"sweet, festive",dairy,₹250,Refrigerate 3 days,berries,wedding,https://upload.wikimedia.org/wikipedia/commons/3/3e/Cheesecake.jpg
Donuts,Dessert,veg,30 min,flour; sugar; butter; yeast,Make dough; fry; glaze.,280 cal,5g,40g,12g,2g,Global,2,pan,"sweet, snack",gluten,₹80,Eat same day,coffee,tea-time,https://upload.wikimedia.org/wikipedia/commons/2/2e/Donuts.jpg
Croissants,Snacks,veg,60 min,flour; butter; yeast; sugar,Make laminated dough; bake.,300 cal,6g,35g,15g,2g,French,2,oven,"breakfast, snack",gluten,₹150,Eat same day,coffee,breakfast,https://upload.wikimedia.org/wikipedia/commons/3/3e/Croissant.jpg
Muffins,Dessert,veg,25 min,flour; sugar; butter; eggs,Mix batter; bake.,250 cal,5g,35g,10g,2g,Global,2,oven,"sweet, snack",gluten,₹100,Store 2 days,tea,tea-time,https://upload.wikimedia.org/wikipedia/commons/9/9d/Muffins.jpg
Pancakes,Snacks,veg,20 min,flour; milk; eggs; sugar,Mix batter; cook on pan.,220 cal,6g,30g,8g,2g,Global,2,pan,"breakfast, sweet",gluten,₹80,Eat same day,maple syrup,breakfast,https://upload.wikimedia.org/wikipedia/commons/8/8e/Pancakes.jpg
Waffles,Snacks,veg,25 min,flour; milk; eggs; sugar,Mix batter; cook in waffle iron.,280 cal,7g,35g,12g,2g,Global,2,waffle iron,"breakfast, sweet",gluten,₹100,Eat same day,chocolate sauce,breakfast,https://upload.wikimedia.org/wikipedia/commons/7/7e/Waffles.jpg
Apple Pie,Dessert,veg,50 min,apples; flour; sugar; butter,Make crust; fill with apples; bake.,350 cal,4g,50g,12g,4g,American,2,oven,"sweet, festive",gluten,₹200,Store 2 days,ice cream,party,https://upload.wikimedia.org/wikipedia/commons/3/3e/Apple_Pie.jpg
Chocolate Mousse,Dessert,veg,20 min,chocolate; cream; sugar,Whip cream; fold in chocolate.,300 cal,5g,25g,15g,2g,French,2,"bowl, whisk","sweet, party",dairy,₹150,Refrigerate 2 days,berries,party,https://upload.wikimedia.org/wikipedia/commons/5/5e/Chocolate_Mousse.jpg
Baklava,Dessert,veg,60 min,phyllo pastry; nuts; honey,Layer pastry with nuts; bake.,400 cal,8g,40g,20g,3g,Middle Eastern,2,oven,"sweet, festive",nuts,₹250,Store 3 days,tea,wedding,https://upload.wikimedia.org/wikipedia/commons/7/7e/Baklava.jpg
Sushi,Main Course,non-veg,45 min,rice; nori; fish; soy sauce,Prepare rice; roll with fish and nori.,350 cal,20g,50g,8g,3g,Japanese,2,bamboo mat,"seafood, dinner",fish,₹400,Eat same day,wasabi,dinner,https://upload.wikimedia.org/wikipedia/commons/6/60/Sushi.jpg
Ramen,Main Course,non-veg,30 min,noodles; broth; pork; egg,Boil noodles; prepare broth; assemble.,450 cal,25g,60g,15g,4g,Japanese,2,pot,"comfort food, dinner",gluten,₹250,Eat same day,pickles,dinner,https://upload.wikimedia.org/wikipedia/commons/7/7e/Ramen.jpg
Tempura,Snacks,non-veg,25 min,shrimp; flour; oil; vegetables,Dip in batter; deep fry.,300 cal,12g,25g,15g,2g,Japanese,2,pan,"crispy, starter",gluten,₹200,Eat same day,soy sauce,party,https://upload.wikimedia.org/wikipedia/commons/9/9e/Tempura.jpg
Pad Thai,Main Course,non-veg,30 min,rice noodles; shrimp; peanuts; egg,Stir fry noodles with sauce.,420 cal,20g,55g,12g,3g,Thai,2,wok,"street food, spicy",peanuts,₹220,Eat same day,lime wedges,dinner,https://upload.wikimedia.org/wikipedia/commons/9/9d/Pad_Thai.jpg
Green Curry,Main Course,non-veg,40 min,chicken; coconut milk; curry paste,Cook curry paste; add chicken and coconut milk.,500 cal,28g,20g,25g,4g,Thai,2,pot,"spicy, dinner",none,₹250,Refrigerate 1 day,rice,dinner,https://upload.wikimedia.org/wikipedia/commons/7/7e/Thai_Green_Curry.jpg
Tom Yum Soup,Snacks,non-veg,25 min,shrimp; lemongrass; chili; lime,Boil broth; add shrimp and spices.,200 cal,12g,15g,8g,2g,Thai,2,pot,"spicy, starter",none,₹150,Eat same day,rice,dinner,https://upload.wikimedia.org/wikipedia/commons/6/6f/Tom_Yum_Soup.jpg
Falooda,Dessert,veg,20 min,milk; vermicelli; basil seeds; ice cream,Layer ingredients in glass.,280 cal,6g,40g,10g,3g,Indian,1,glass,"sweet, festive",dairy,₹100,Eat same day,nuts,party,https://upload.wikimedia.org/wikipedia/commons/9/9e/Falooda.jpg
Shakshuka,Main Course,veg,25 min,eggs; tomato; onion; spices,Cook tomato base; poach eggs.,300 cal,14g,20g,12g,4g,Middle Eastern,2,pan,"breakfast, spicy",none,₹120,Eat same day,bread,breakfast,https://upload.wikimedia.org/wikipedia/commons/7/7e/Shakshuka.jpg
Kebabs,Snacks,non-veg,30 min,meat; spices; onion,Marinate meat; grill on skewers.,400 cal,25g,15g,20g,2g,Middle Eastern,2,grill,"street food, dinner",none,₹200,Eat same day,naan,dinner,https://upload.wikimedia.org/wikipedia/commons/9/9d/Kebabs.jpg
Bakso,Main Course,non-veg,40 min,meatballs; noodles; broth,Prepare broth; add meatballs and noodles.,380 cal,20g,45g,12g,3g,Indonesian,2,pot,"comfort food, dinner",none,₹180,Eat same day,sambal,dinner,https://upload.wikimedia.org/wikipedia/commons/6/6f/Bakso.jpg
Pho,Main Course,non-veg,50 min,rice noodles; beef; broth; herbs,Simmer broth; add noodles and beef.,420 cal,25g,55g,12g,3g,Vietnamese,2,pot,"comfort food, dinner",none,₹250,Eat same day,bean sprouts,dinner,https://upload.wikimedia.org/wikipedia/commons/9/9d/Pho.jpg
Bibimbap,Main Course,non-veg,35 min,rice; vegetables; beef; egg,Arrange rice bowl with toppings.,450 cal,20g,60g,15g,5g,Korean,2,pan,"healthy, dinner",none,₹220,Eat same day,kimchi,dinner,https://upload.wikimedia.org/wikipedia/commons/7/7e/Bibimbap.jpg
Kimchi,Snacks,veg,20 min,cabbage; chili; garlic; ginger,Ferment cabbage with spices.,100 cal,3g,10g,2g,3g,Korean,2,jar,"fermented, spicy",none,₹80,Store 1 week,rice,dinner,https://upload.wikimedia.org/wikipedia/commons/9/9d/Kimchi.jpg
Tagine,Main Course,non-veg,60 min,lamb; vegetables; spices,Slow cook lamb with spices.,500 cal,30g,25g,20g,4g,Moroccan,4,tagine pot,"traditional, dinner",none,₹350,Refrigerate 2 days,couscous,dinner,https://upload.wikimedia.org/wikipedia/commons/7/7e/Tagine.jpg
Couscous,Main Course,veg,25 min,couscous; vegetables; broth,Steam couscous; mix with vegetables.,280 cal,8g,40g,6g,4g,Moroccan,2,pot,"healthy, dinner",gluten,₹120,Eat same day,tagine,dinner,https://upload.wikimedia.org/wikipedia/commons/9/9d/Couscous.jpg
Jollof Rice,Main Course,veg,40 min,rice; tomato; onion; spices,Cook rice with tomato base.,350 cal,10g,60g,8g,3g,Nigerian,2,pot,"spicy, festive",none,₹150,Eat same day,fried plantains,party,https://upload.wikimedia.org/wikipedia/commons/7/7e/Jollof_Rice.jpg
Piri Piri Chicken,Main Course,non-veg,45 min,chicken; chili; garlic; lemon,Marinate chicken; grill.,480 cal,28g,20g,22g,2g,Portuguese,2,grill,"spicy, dinner",none,₹250,Eat same day,fries,dinner,https://upload.wikimedia.org/wikipedia/commons/9/9d/Piri_Piri_Chicken.jpg
Paella,Main Course,non-veg,60 min,rice; seafood; saffron; vegetables,Cook rice with seafood and spices.,550 cal,25g,65g,18g,4g,Spanish,4,pan,"festive, dinner",shellfish,₹400,Eat same day,wine,festival,https://upload.wikimedia.org/wikipedia/commons/7/7e/Paella.jpg
Gazpacho,Snacks,veg,20 min,tomato; cucumber; garlic; olive oil,Blend vegetables; chill soup.,150 cal,3g,20g,5g,3g,Spanish,2,blender,"cold soup, starter",none,₹80,Refrigerate 1 day,bread,summer,https://upload.wikimedia.org/wikipedia/commons/9/9d/Gazpacho.jpg
BBQ Ribs,Main Course,non-veg,90 min,pork ribs; BBQ sauce; spices,Marinate ribs; slow cook; glaze with sauce.,700 cal,40g,30g,35g,3g,American,4,"grill, oven","smoky, dinner",none,₹500,Refrigerate 2 days,coleslaw,party,https://upload.wikimedia.org/wikipedia/commons/9/9d/BBQ_Ribs.jpg
Mac and Cheese,Main Course,veg,30 min,macaroni; cheese; milk; butter,Boil pasta; make cheese sauce; mix.,450 cal,15g,55g,20g,2g,American,2,"pot, oven","comfort food, dinner",dairy,₹200,Eat same day,garlic bread,dinner,https://upload.wikimedia.org/wikipedia/commons/7/7e/Mac_and_Cheese.jpg
Fried Chicken,Main Course,non-veg,40 min,chicken; flour; spices; oil,Coat chicken; deep fry.,600 cal,35g,25g,30g,2g,American,2,pan,"crispy, dinner",gluten,₹250,Eat same day,mashed potatoes,dinner,https://upload.wikimedia.org/wikipedia/commons/9/9d/Fried_Chicken.jpg
Clam Chowder,Snacks,non-veg,35 min,clams; potatoes; cream; onion,Cook clams with cream and vegetables.,350 cal,15g,30g,15g,3g,American,2,pot,"soupy, dinner",shellfish,₹220,Eat same day,bread,dinner,https://upload.wikimedia.org/wikipedia/commons/7/7e/Clam_Chowder.jpg
Caesar Salad,Snacks,non-veg,20 min,lettuce; chicken; croutons; dressing,Mix lettuce with dressing and toppings.,250 cal,12g,20g,12g,3g,Italian,2,bowl,"healthy, starter",gluten,₹150,Eat same day,soup,lunch,https://upload.wikimedia.org/wikipedia/commons/9/9d/Caesar_Salad.jpg
Greek Salad,Snacks,veg,15 min,cucumber; tomato; feta; olives,Chop vegetables; mix with dressing.,200 cal,8g,15g,10g,4g,Greek,2,bowl,"healthy, starter",dairy,₹120,Eat same day,bread,lunch,https://upload.wikimedia.org/wikipedia/commons/7/7e/Greek_Salad.jpg
Moussaka,Main Course,non-veg,60 min,eggplant; lamb; béchamel; spices,Layer eggplant and meat; bake.,500 cal,25g,40g,20g,5g,Greek,4,oven,"baked, dinner",dairy,₹300,Refrigerate 2 days,wine,dinner,https://upload.wikimedia.org/wikipedia/commons/9/9d/Moussaka.jpg
Shish Kebab,Main Course,non-veg,30 min,meat; onion; spices; skewers,Marinate meat; grill on skewers.,400 cal,25g,15g,20g,2g,Turkish,2,grill,"street food, dinner",none,₹200,Eat same day,pita bread,dinner,https://upload.wikimedia.org/wikipedia/commons/7/7e/Shish_Kebab.jpg
Tabbouleh,Snacks,veg,20 min,bulgur; parsley; tomato; lemon,Mix chopped vegetables with bulgur.,180 cal,6g,25g,5g,4g,Middle Eastern,2,bowl,"healthy, starter",gluten,₹100,Eat same day,hummus,lunch,https://upload.wikimedia.org/wikipedia/commons/9/9d/Tabbouleh.jpg
Fufu with Soup,Main Course,veg,50 min,cassava; plantain; spices,Boil cassava and plantain; pound into fufu.,400 cal,8g,80g,5g,6g,West African,2,"pot, mortar","traditional, dinner",none,₹150,Eat same day,soup,dinner,https://upload.wikimedia.org/wikipedia/commons/7/7e/Fufu.jpg
Egusi Soup,Main Course,non-veg,45 min,melon seeds; meat; spinach; spices,Cook melon seeds with meat and vegetables.,500 cal,30g,20g,25g,5g,Nigerian,2,pot,"spicy, dinner",none,₹200,Eat same day,fufu,dinner,https://upload.wikimedia.org/wikipedia/commons/9/9d/Egusi_Soup.jpg
Tandoori Chicken,Main Course,non-veg,40 min,chicken; yogurt; spices,Marinate chicken; cook in tandoor.,480 cal,28g,20g,22g,3g,Indian,2,tandoor,"spicy, dinner",dairy,₹250,Eat same day,naan,dinner,https://upload.wikimedia.org/wikipedia/commons/7/7e/Tandoori_Chicken.jpg
Bhel Puri,Snacks,veg,15 min,puffed rice; onion; tomato; chutney,Mix puffed rice with chutneys.,180 cal,5g,30g,5g,3g,Indian,2,bowl,"street food, snack",none,₹60,Eat same day,tea,tea-time,https://upload.wikimedia.org/wikipedia/commons/9/9d/Bhel_Puri.jpg
Pesarattu,Snacks,veg,25 min,green gram; onion; chili,Grind batter; cook on tawa.,250 cal,12g,30g,6g,4g,South Indian,2,tawa,"healthy, breakfast",none,₹80,Eat same day,ginger chutney,breakfast,https://upload.wikimedia.org/wikipedia/commons/7/7e/Pesarattu.jpg
Okonomiyaki,Main Course,non-veg,30 min,flour; cabbage; pork; egg,Mix batter; cook pancake style.,400 cal,18g,40g,15g,3g,Japanese,2,pan,"street food, dinner",gluten,₹200,Eat same day,mayo,dinner,https://upload.wikimedia.org/wikipedia/commons/9/9d/Okonomiyaki.jpg
Gyoza,Snacks,non-veg,25 min,dumpling wrappers; pork; cabbage,Fill wrappers; steam or fry.,280 cal,12g,30g,10g,2g,Japanese,2,pan,"starter, dinner",gluten,₹150,Eat same day,soy sauce,party,https://upload.wikimedia.org/wikipedia/commons/7/7e/Gyoza.jpg
Pho Ga,Main Course,non-veg,45 min,rice noodles; chicken; broth,Simmer broth; add noodles and chicken.,380 cal,25g,50g,10g,3g,Vietnamese,2,pot,"comfort food, dinner",none,₹200,Eat same day,bean sprouts,dinner,https://upload.wikimedia.org/wikipedia/commons/9/9d/Pho.jpg
Bulgogi,Main Course,non-veg,35 min,beef; soy sauce; garlic; sugar,Marinate beef; grill.,450 cal,28g,25g,18g,2g,Korean,2,grill,"spicy, dinner",soy,₹250,Eat same day,rice,dinner,https://upload.wikimedia.org/wikipedia/commons/7/7e/Bulgogi.jpg
Kimchi Fried Rice,Main Course,veg,25 min,rice; kimchi; egg; soy sauce,Stir fry rice with kimchi.,350 cal,12g,50g,10g,3g,Korean,2,wok,"spicy, dinner",soy,₹150,Eat same day,pickles,dinner,https://upload.wikimedia.org/wikipedia/commons/9/9d/Kimchi_Fried_Rice.jpg
Pulled Pork Sandwich,Snacks,non-veg,45 min,pork; BBQ sauce; bun,Slow cook pork; shred; serve in bun.,550 cal,28g,45g,20g,3g,American,2,"slow cooker, pan","street food, dinner",gluten,₹250,Eat same day,coleslaw,lunch,https://upload.wikimedia.org/wikipedia/commons/9/9d/Pulled_Pork_Sandwich.jpg
Buffalo Wings,Snacks,non-veg,30 min,chicken wings; hot sauce; butter,Fry wings; toss in sauce.,400 cal,25g,10g,25g,2g,American,2,pan,"spicy, party",none,₹200,Eat same day,celery sticks,party,https://upload.wikimedia.org/wikipedia/commons/7/7e/Buffalo_Wings.jpg
Chow Mein,Main Course,non-veg,25 min,noodles; chicken; vegetables; soy sauce,Stir fry noodles with meat and vegetables.,380 cal,20g,45g,12g,3g,Chinese,2,wok,"street food, dinner",gluten,₹150,Eat same day,spring rolls,dinner,https://upload.wikimedia.org/wikipedia/commons/9/9d/Chow_Mein.jpg
Hot and Sour Soup,Snacks,veg,20 min,mushrooms; tofu; chili; vinegar,Boil broth; add vegetables and spices.,180 cal,8g,20g,6g,2g,Chinese,2,pot,"spicy, starter",soy,₹100,Eat same day,fried rice,starter,https://upload.wikimedia.org/wikipedia/commons/7/7e/Hot_and_Sour_Soup.jpg
Dumplings,Snacks,non-veg,30 min,dumpling wrappers; pork; cabbage,Fill wrappers; steam or fry.,250 cal,12g,30g,8g,2g,Chinese,2,"steamer, pan","starter, dinner",gluten,₹120,Eat same day,soy sauce,party,https://upload.wikimedia.org/wikipedia/commons/9/9d/Dumplings.jpg
Fattoush,Snacks,veg,20 min,bread; cucumber; tomato; lettuce,Mix vegetables with toasted bread.,200 cal,6g,25g,8g,3g,Middle Eastern,2,bowl,"healthy, starter",gluten,₹100,Eat same day,hummus,lunch,https://upload.wikimedia.org/wikipedia/commons/7/7e/Fattoush.jpg
Kunafa,Dessert,veg,45 min,phyllo pastry; cheese; sugar syrup,Layer pastry with cheese; bake.,400 cal,10g,45g,18g,2g,Middle Eastern,2,oven,"sweet, festive",dairy,₹250,Eat same day,tea,wedding,https://upload.wikimedia.org/wikipedia/commons/9/9d/Kunafa.jpg
Guacamole,Snacks,veg,10 min,avocado; lime; onion; tomato,Mash avocado; mix with vegetables.,150 cal,3g,10g,8g,4g,Mexican,2,bowl,"dip, vegan",none,₹80,Eat same day,nachos,party,https://upload.wikimedia.org/wikipedia/commons/7/7e/Guacamole.jpg
Pozole,Main Course,non-veg,60 min,hominy; pork; chili; spices,Cook pork with hominy and spices.,500 cal,30g,40g,20g,5g,Mexican,4,pot,"traditional, dinner",none,₹300,Eat same day,tortillas,festival,https://upload.wikimedia.org/wikipedia/commons/9/9d/Pozole.jpg
Tiramisu,Dessert,veg,40 min,mascarpone; coffee; ladyfingers; cocoa,Layer biscuits with cream and coffee.,350 cal,8g,40g,15g,2g,Italian,2,bowl,"sweet, festive",dairy,₹250,Refrigerate 2 days,espresso,party,https://upload.wikimedia.org/wikipedia/commons/7/7e/Tiramisu.jpg
Caprese Salad,Snacks,veg,15 min,tomato; mozzarella; basil; olive oil,Slice tomato and cheese; drizzle oil.,180 cal,8g,10g,12g,2g,Italian,2,plate,"starter, healthy",dairy,₹120,Eat same day,bread,lunch,https://upload.wikimedia.org/wikipedia/commons/9/9d/Caprese_Salad.jpg
Risotto alla Milanese,Main Course,veg,40 min,rice; saffron; butter; cheese,Cook rice slowly with saffron broth.,400 cal,12g,55g,14g,2g,Italian,2,pan,"creamy, dinner",dairy,₹220,Eat same day,wine,dinner,https://upload.wikimedia.org/wikipedia/commons/7/7e/Risotto.jpg
Gnocchi,Main Course,veg,30 min,potato; flour; cheese; sauce,Make dough; boil; serve with sauce.,320 cal,10g,40g,8g,3g,Italian,2,pot,"comfort food, dinner",gluten,₹180,Eat same day,wine,dinner,https://upload.wikimedia.org/wikipedia/commons/9/9d/Gnocchi.jpg
Ramen Shoyu,Main Course,non-veg,35 min,ramen noodles; pork broth; soy sauce; soft boiled egg; green onion; nori,Simmer broth with soy sauce. Cook ramen noodles. Slice pork chashu. Assemble in bowl with soft egg and nori.,480 cal,26g,54g,18g,4g,Japanese,2,"ramen bowl, pot","noodle, savory, hot","egg, gluten, soy",₹280,Keep broth and noodles separate,"green tea, gyoza",dinner,https://images.unsplash.com/photo-1569718212165-3a8278d5f624?w=500&auto=format&fit=crop
Korean Bibimbap,Main Course,veg,30 min,cooked rice; spinach; carrots; bean sprouts; shiitake mushrooms; fried egg; gochujang sauce; sesame oil,"Sauté vegetables separately. Arrange rice in a hot stone bowl. Top with veggies, fried egg, and gochujang paste. Mix well before eating.",410 cal,16g,62g,12g,6g,Korean,1,"dolsot bowl, pan","healthy, bowl, spicy","egg, sesame, soy",₹240,Store ingredients separately,"kimchi, barley tea",lunch,https://images.unsplash.com/photo-1553163147-622ab57be1c7?w=500&auto=format&fit=crop
French Onion Soup,Starter,veg,45 min,caramelized onions; beef or vegetable broth; gruyere cheese; baguette slice; butter; thyme,"Caramelize onions slowly in butter. Add broth and thyme; simmer 20 min. Ladle into oven-safe bowls, top with toasted baguette and gruyere. Broil till melted.",320 cal,14g,28g,16g,3g,French,2,"soup pot, oven ramekins","cheesy, comfort food","dairy, gluten",₹220,Refrigerate soup up to 3 days,red wine,dinner,https://images.unsplash.com/photo-1547592166-23ac45744acd?w=500&auto=format&fit=crop
Spanish Seafood Paella,Main Course,non-veg,50 min,bomba rice; saffron; shrimp; mussels; squid; bell pepper; tomato; olive oil; chicken broth,Sauté peppers and tomatoes in olive oil. Add saffron broth and rice. Arrange seafood on top. Cook undisturbed until bottom rice gets crispy socarrat.,510 cal,32g,65g,14g,4g,Spanish,4,paella pan,"seafood, festive, rice",shellfish,₹450,Best fresh,sangria,party,https://images.unsplash.com/photo-1534080564583-6be75777b70a?w=500&auto=format&fit=crop
Avocado Toast & Poached Egg,Breakfast,veg,12 min,sourdough bread; ripe avocado; egg; chili flakes; lemon juice; olive oil; salt,"Toast sourdough bread. Mash avocado with lemon juice and salt. Poach egg in simmering water. Spread avocado on toast, top with egg and chili flakes.",290 cal,12g,24g,16g,7g,Global,1,"toaster, small pot","healthy, quick, brunch","egg, gluten",₹140,Eat fresh,cappuccino,breakfast,https://images.unsplash.com/photo-1525351484163-7529414344d8?w=500&auto=format&fit=crop
Chicken Tikka Masala,Main Course,non-veg,40 min,chicken breast; yogurt; ginger-garlic paste; tomato sauce; heavy cream; garam masala; kasuri methi,Marinate chicken in yogurt and spices; grill until charred. Simmer tomato gravy with cream and butter. Toss grilled chicken in gravy and garnish with kasuri methi.,460 cal,34g,16g,28g,3g,Indian,2,"grill pan, curry pot","creamy, classic, spicy",dairy,₹320,Refrigerate up to 3 days,"butter naan, jeera rice",dinner,https://images.unsplash.com/photo-1565557623262-b51c2513a641?w=500&auto=format&fit=crop
Greek Moussaka,Main Course,non-veg,60 min,eggplant; minced lamb; tomato sauce; cinnamon; onion; bechamel sauce; parmesan cheese,"Slice and roast eggplant slices. Cook minced lamb with onions, tomato, and cinnamon. Layer eggplant and meat sauce in baking dish. Top with bechamel and bake until golden.",520 cal,28g,32g,30g,6g,Greek,4,"casserole dish, oven","casserole, baked, comfort","dairy, gluten",₹380,Refrigerate up to 3 days,"greek salad, red wine",dinner,https://images.unsplash.com/photo-1544025162-d76694265947?w=500&auto=format&fit=crop
Mango Sticky Rice,Dessert,veg,25 min,glutinous sticky rice; ripe mango; coconut milk; sugar; salt; toasted sesame seeds,Steam glutinous rice. Heat coconut milk with sugar and salt. Pour half sauce over warm rice; cover for 15 min. Serve with sliced fresh mango and remaining sauce.,340 cal,5g,68g,7g,3g,Thai,2,"steamer, pot","sweet, tropical, dessert",sesame,₹180,Eat fresh,jasmine tea,dessert,https://images.unsplash.com/photo-1621263764928-df1444c5e859?w=500&auto=format&fit=crop
Teriyaki Salmon Bowl,Main Course,non-veg,20 min,salmon fillet; teriyaki sauce; steamed jasmine rice; steamed broccoli; edamame; sesame seeds,"Pan-sear salmon fillet skin-side down until crispy. Pour teriyaki sauce and glaze salmon. Serve over steamed rice with broccoli, edamame, and toasted sesame.",450 cal,36g,42g,15g,4g,Japanese,1,non-stick pan,"healthy, omega-3, quick","fish, soy, sesame",₹420,Refrigerate up to 1 day,miso soup,dinner,https://images.unsplash.com/photo-1467003909585-2f8a72700288?w=500&auto=format&fit=crop
Matcha Green Tea Latte,Drinks,veg,5 min,matcha green tea powder; oat milk or dairy milk; maple syrup or honey; hot water,Whisk matcha powder with 2 tbsp hot water until frothy. Warm and froth milk. Pour frothed milk into whisked matcha and sweeten to taste.,140 cal,4g,18g,5g,1g,Japanese,1,"bamboo whisk, milk frother","beverage, energizing, warm",none,₹90,Best consumed hot immediately,mochi,breakfast,https://images.unsplash.com/photo-1536256263959-770b48d82b0a?w=500&auto=format&fit=crop
Classic Beef Burger,Main Course,non-veg,20 min,ground beef patty; brioche bun; cheddar cheese; lettuce; tomato; pickle; burger sauce,"Season beef patty and sear on high heat pan. Top with cheddar cheese to melt. Toast brioche bun. Assemble with lettuce, tomato, patty, pickles, and burger sauce.",580 cal,32g,40g,32g,2g,American,1,cast iron skillet,"fast food, juicy, classic","gluten, dairy",₹250,Assemble fresh,"french fries, cola",lunch,https://images.unsplash.com/photo-1568901346375-23c9450c58cd?w=500&auto=format&fit=crop
Churros with Chocolate Dip,Dessert,veg,30 min,churro dough; cinnamon sugar; dark chocolate; heavy cream; oil for frying,Pipe choux dough through star nozzle into hot oil. Fry until golden crispy. Roll immediately in cinnamon sugar. Serve hot with warm melted chocolate ganache dip.,380 cal,5g,48g,19g,3g,Spanish,2,"piping bag, deep fryer","sweet, crispy, dessert","gluten, dairy",₹160,Eat hot immediately,"hot chocolate, coffee",dessert,https://images.unsplash.com/photo-1624371414361-e670edf4898d?w=500&auto=format&fit=crop
Vietnamese Beef Pho,Main Course,non-veg,45 min,flat rice noodles; thinly sliced beef; beef bone broth; star anise; ginger; basil; bean sprouts; lime,"Simmer aromatic beef broth with star anise, cinnamon, and charred ginger. Place cooked rice noodles in bowl. Arrange raw beef slices; pour piping hot broth over to cook beef instantly.",420 cal,28g,52g,10g,3g,Vietnamese,2,large stockpot,"soup, aromatic, comforting",none,₹300,Keep broth separate from noodles,fresh spring rolls,dinner,https://images.unsplash.com/photo-1582878826629-29b7ad1cdc43?w=500&auto=format&fit=crop
Paneer Butter Masala,Main Course,veg,35 min,paneer; butter; tomato; cashew paste; cream; spices,"Sauté onions and spices. Blend with tomatoes and cashews. Add paneer cubes, butter, and cream.",420 cal,16g,22g,28g,4g,Indian,2,"pan, blender","creamy, North Indian","dairy, nuts",₹220,Refrigerate 2 days,"naan, rice",dinner,https://images.unsplash.com/photo-1631452180519-c014fe946bc7?w=500&auto=format&fit=crop
Kadhai Paneer,Main Course,veg,30 min,paneer; bell pepper; onion; kadhai masala; coriander,Sauté bell peppers and onions. Add freshly ground kadhai masala and paneer. Cook on high heat.,380 cal,18g,18g,24g,5g,Indian,2,"kadhai, spatula","spicy, capsicum",dairy,₹200,Refrigerate 2 days,"roti, paratha",dinner,https://images.unsplash.com/photo-1601050690597-df0568f70950?w=500&auto=format&fit=crop
Malai Kofta,Main Course,veg,45 min,potato; paneer; cashew paste; cream; tomato; spices,Make dumplings from potato and paneer; deep fry. Prepare rich cashew tomato gravy. Combine before serving.,490 cal,14g,35g,32g,4g,Indian,3,"fryer, pan","rich, festive, creamy","dairy, nuts, gluten",₹260,Keep kofta and gravy separate,butter naan,festival,https://images.unsplash.com/photo-1546833999-b9f581a1996d?w=500&auto=format&fit=crop
Aloo Gobi,Main Course,veg,25 min,cauliflower; potato; turmeric; cumin; ginger; chili,"Heat oil, add cumin and ginger. Toss potatoes and cauliflower florets with spices. Cover and steam.",220 cal,6g,32g,8g,7g,Indian,2,pan,"dry curry, vegan",none,₹90,Refrigerate 2 days,"roti, dal",lunch,https://images.unsplash.com/photo-1589301760014-d929f3979dbc?w=500&auto=format&fit=crop
Chicken Chettinad,Main Course,non-veg,45 min,chicken; roasted spices; poppy seeds; coconut; curry leaves,"Dry roast Chettinad spices and grind with coconut. Cook chicken with onions, tomatoes, and spice paste.",480 cal,36g,14g,30g,4g,South Indian,3,pot,"spicy, South Indian",none,₹320,Refrigerate 2 days,"parotta, rice",dinner,https://images.unsplash.com/photo-1610057099443-fde8c4d50f91?w=500&auto=format&fit=crop
Mutton Rogan Josh,Main Course,non-veg,60 min,mutton; Kashmiri chili; yogurt; fennel powder; ginger; mustard oil,"Brown mutton in mustard oil. Add whole spices, ginger, Kashmiri chili paste, and yogurt. Slow cook until tender.",580 cal,34g,12g,42g,3g,Indian,4,"pressure cooker, pot","rich, Kashmiri, lamb",dairy,₹450,Refrigerate 3 days,"naan, saffron rice",dinner,https://images.unsplash.com/photo-1545247181-516773cae754?w=500&auto=format&fit=crop
Vegetable Biryani,Main Course,veg,40 min,basmati rice; mixed veggies; mint; fried onions; saffron milk; spices,"Parboil rice with whole spices. Layer cooked spiced vegetables with rice, mint, and saffron. Dum cook 20 min.",390 cal,10g,68g,10g,6g,Indian,3,heavy pot,"fragrant, dum",dairy,₹220,Refrigerate 2 days,"raita, mirchi ka salan",party,https://images.unsplash.com/photo-1563379091339-03b21ab4a4f8?w=500&auto=format&fit=crop
Gobi Manchurian,Starter,veg,30 min,cauliflower; cornflour; soy sauce; chili sauce; garlic; spring onion,"Batter coating cauliflower and deep fry. Sauté garlic, sauces, and toss fried gobi in glossy sauce.",290 cal,5g,38g,14g,4g,Chinese,2,"wok, deep fryer","Indo-Chinese, crispy","soy, gluten",₹130,Best hot immediately,fried rice,party,https://images.unsplash.com/photo-1565557623262-b51c2513a641?w=500&auto=format&fit=crop
Chilli Paneer,Starter,veg,25 min,paneer; capsicum; onion; soy sauce; green chili; cornstarch,"Toss fried paneer cubes with onions, capsicum, dark soy sauce, and spicy green chili paste.",340 cal,15g,24g,20g,3g,Chinese,2,wok,"spicy, starter","soy, dairy, gluten",₹180,Refrigerate 1 day,noodle,tea-time,https://images.unsplash.com/photo-1585937421612-70a008356fbe?w=500&auto=format&fit=crop
Hakka Noodles,Main Course,veg,20 min,noodle; cabbage; carrot; capsicum; soy sauce; vinegar; garlic,"Boil noodles al dente. High-flame stir fry veggies with garlic, soy sauce, vinegar, and tossed noodles.",320 cal,8g,52g,9g,4g,Chinese,2,wok,"quick, Indo-Chinese","soy, gluten",₹120,Refrigerate 2 days,manchurian,dinner,https://images.unsplash.com/photo-1612929633738-8fe44f7ec841?w=500&auto=format&fit=crop
Schezwan Fried Rice,Main Course,veg,20 min,cooked rice; schezwan sauce; veggies; spring onion; garlic,Stir fry chopped garlic and vegetables in schezwan sauce. Add cold cooked rice and toss on high heat.,350 cal,7g,60g,10g,4g,Chinese,2,wok,"spicy, rice","soy, gluten",₹140,Refrigerate 2 days,chilli paneer,lunch,https://images.unsplash.com/photo-1603133872878-684f208fb84b?w=500&auto=format&fit=crop
Dahi Puri,Snacks,veg,15 min,puris; boiled potato; sweet yogurt; tamarind chutney; green chutney; sev,"Crack top of puris. Stuff with potatoes, drizzle sweet yogurt, chutneys, and sprinkle crunchy sev.",240 cal,5g,36g,8g,3g,Indian,2,plate,"street food, chat","dairy, gluten",₹80,Assemble right before eating,masala chai,tea-time,https://images.unsplash.com/photo-1601050690597-df0568f70950?w=500&auto=format&fit=crop
Pani Puri,Snacks,veg,15 min,puris; spicy mint water; tamarind water; potato chickpea filling,Fill hollow puris with spiced potato chickpea mash and dip into ice-cold spicy mint water.,180 cal,4g,32g,4g,3g,Indian,2,bowls,"street food, tangy",gluten,₹60,Eat immediately,sweet chutney,tea-time,https://images.unsplash.com/photo-1626777552726-4a6b54c97e46?w=500&auto=format&fit=crop
Dim Sum Dumplings,Starter,veg,30 min,dumpling wrappers; mushroom; cabbage; ginger; sesame oil; dipping sauce,"Mix finely minced mushrooms and cabbage. Stuff wrappers, pleat edges, and steam in bamboo steamer 10 min.",210 cal,7g,34g,5g,3g,Chinese,2,bamboo steamer,"steamed, healthy","gluten, soy, sesame",₹160,Refrigerate up to 2 days,"soy dip, green tea",starter,https://images.unsplash.com/photo-1496116218417-1a781b1c416c?w=500&auto=format&fit=crop
Green Thai Curry,Main Course,veg,30 min,green curry paste; coconut milk; eggplant; bamboo shoots; tofu; basil,"Sauté green curry paste until fragrant. Pour coconut milk; simmer with eggplant, tofu, and Thai basil leaves.",380 cal,14g,20g,26g,5g,Thai,2,saucepan,"creamy, aromatic",soy,₹260,Refrigerate 2 days,jasmine rice,dinner,https://images.unsplash.com/photo-1455619452474-d2be8b1e70cd?w=500&auto=format&fit=crop
Red Thai Curry,Main Course,non-veg,30 min,red curry paste; chicken breast; coconut milk; bell pepper; basil,"Simmer red curry paste with coconut milk. Add chicken slices, bell peppers, and fresh Thai basil.",440 cal,28g,16g,28g,4g,Thai,2,saucepan,"spicy, coconut",fish sauce,₹290,Refrigerate 2 days,steamed rice,dinner,https://images.unsplash.com/photo-1565557623262-b51c2513a641?w=500&auto=format&fit=crop
Sushi Salmon Roll,Main Course,non-veg,35 min,sushi rice; nori; fresh salmon; cucumber; avocado; pickled ginger; wasabi,"Spread sushi rice over seaweed sheet. Place salmon, cucumber, avocado. Roll tightly using bamboo mat; slice.",360 cal,22g,48g,9g,3g,Japanese,2,"bamboo mat, sharp knife","fresh, raw, Japanese","fish, soy",₹450,Consume immediately,"sake, soy sauce",dinner,https://images.unsplash.com/photo-1579871494447-9811cf80d66c?w=500&auto=format&fit=crop
Tempura Prawns,Starter,non-veg,20 min,large prawns; tempura flour; ice water; dipping sauce; oil,Whisk tempura flour with ice-cold water. Dip shelled prawns into batter and flash fry until light & crispy.,310 cal,20g,26g,14g,1g,Japanese,2,deep fryer,"crispy, seafood","shellfish, gluten",₹380,Eat immediately,tentsuyu sauce,starter,https://images.unsplash.com/photo-1534422298391-e4f8c172dddb?w=500&auto=format&fit=crop
Miso Soup,Starter,veg,15 min,miso paste; dashi stock; silken tofu; wakame seaweed; green onion,"Warm dashi broth. Whisk in miso paste gently. Add tofu cubes, wakame seaweed, and chopped scallions.",90 cal,6g,8g,3g,2g,Japanese,2,small pot,"light, umami, low-cal",soy,₹110,Best consumed fresh,"sushi, rice",lunch,https://images.unsplash.com/photo-1547592166-23ac45744acd?w=500&auto=format&fit=crop
Katsu Curry Chicken,Main Course,non-veg,35 min,panko chicken cutlet; Japanese curry roux; potatoes; carrots; rice,Bread chicken cutlet in panko and fry. Cook thick Japanese curry sauce with veggies. Serve sliced chicken over rice.,560 cal,32g,64g,20g,5g,Japanese,2,"pan, pot","comfort food, crispy","gluten, soy",₹320,Refrigerate curry up to 2 days,pickled radish,dinner,https://images.unsplash.com/photo-1569718212165-3a8278d5f624?w=500&auto=format&fit=crop
Tacos Al Pastor,Main Course,non-veg,30 min,marinated pork; corn tortilla; pineapple; onion; cilantro; salsa,Grill achiote-marinated pork slices. Serve in warmed corn tortillas with charred pineapple and salsa.,390 cal,24g,32g,18g,4g,Mexican,2,skillet,"street food, smoky",none,₹240,Assemble right before serving,horchata,party,https://images.unsplash.com/photo-1551504734-5ee1c4a1479b?w=500&auto=format&fit=crop
Guacamole & Tortilla Chips,Snacks,veg,10 min,ripe avocados; lime juice; onion; jalapeño; cilantro; salt; corn chips,"Mash avocados with lime juice, sea salt, diced onions, jalapeños, and cilantro. Serve with corn chips.",280 cal,4g,26g,19g,7g,Mexican,2,"bowl, fork","vegan, dip, party",none,₹160,Store guacamole with plastic wrap pressed on surface,margarita,party,https://images.unsplash.com/photo-1540420773420-3366772f4999?w=500&auto=format&fit=crop
Chicken Quesadilla,Main Course,non-veg,20 min,flour tortilla; shredded chicken; cheddar jack cheese; salsa; sour cream,Fill half tortilla with seasoned chicken and cheese. Fold and grill on skillet until cheese melts and tortilla crisps.,450 cal,28g,34g,22g,3g,Mexican,1,skillet,"cheesy, quick","dairy, gluten",₹210,Refrigerate 1 day,guacamole,lunch,https://images.unsplash.com/photo-1618040996337-56904b7850b9?w=500&auto=format&fit=crop
Chiles Rellenos,Main Course,veg,40 min,poblano peppers; cheese; egg batter; tomato sauce; spices,"Roast and peel poblano peppers. Stuff with cheese, dip in fluffy egg batter, fry golden, and serve in tomato broth.",380 cal,16g,22g,26g,4g,Mexican,2,"roasting pan, fryer","cheesy, authentic","dairy, egg",₹230,Refrigerate 2 days,mexican rice,dinner,https://images.unsplash.com/photo-1565299585323-38d6b0865b47?w=500&auto=format&fit=crop
Enchiladas Verdes,Main Course,non-veg,35 min,shredded chicken; corn tortillas; tomatillo salsa verde; cheese; sour cream,Roll chicken in corn tortillas. Cover with tangy salsa verde and cheese; bake 20 mins until bubbling.,470 cal,30g,36g,22g,5g,Mexican,3,"casserole dish, oven","baked, tangy",dairy,₹270,Refrigerate 2 days,refried beans,dinner,https://images.unsplash.com/photo-1534352956036-cd81e27dd615?w=500&auto=format&fit=crop
Margherita Pizza,Main Course,veg,25 min,pizza dough; San Marzano tomatoes; fresh mozzarella; fresh basil; olive oil,Stretch dough. Top with crushed tomatoes and mozzarella. Bake in 450°F oven until crust bubbles; finish with basil.,420 cal,16g,50g,16g,3g,Italian,2,pizza stone/oven,"classic, Italian","gluten, dairy",₹260,Refrigerate up to 2 days,red wine,dinner,https://images.unsplash.com/photo-1604382355076-af4b0eb60143?w=500&auto=format&fit=crop
Pesto Pasta Fettuccine,Main Course,veg,20 min,fettuccine; fresh basil; pine nuts; parmesan cheese; garlic; olive oil,"Blend basil, pine nuts, parmesan, garlic, and olive oil into vibrant pesto. Toss with hot cooked pasta.",460 cal,14g,54g,22g,4g,Italian,2,"pot, food processor","herbal, fragrant","dairy, nuts, gluten",₹240,Refrigerate up to 3 days,garlic bread,dinner,https://images.unsplash.com/photo-1473093295043-cdd812d0e601?w=500&auto=format&fit=crop
Spaghetti Bolognese,Main Course,non-veg,45 min,spaghetti; minced beef; tomato paste; onion; celery; carrot; red wine; parmesan,"Simmer minced meat with aromatics, wine, and tomatoes for 30 min into rich ragu. Serve over spaghetti with parmesan.",540 cal,32g,58g,20g,4g,Italian,3,saucepot,"classic, rich ragu","gluten, dairy",₹310,Refrigerate sauce up to 4 days,chianti wine,dinner,https://images.unsplash.com/photo-1621996346565-e3d5d6281878?w=500&auto=format&fit=crop
Minestrone Veggie Soup,Starter,veg,30 min,diced zucchini; carrots; kidney beans; ditalini pasta; tomato broth; oregano,"Simmer chopped vegetables, beans, and pasta in herb-infused tomato broth until tender.",240 cal,9g,42g,4g,7g,Italian,3,large soup pot,"healthy, high-fiber",gluten,₹150,Refrigerate up to 4 days,crusty Italian bread,dinner,https://images.unsplash.com/photo-1547592166-23ac45744acd?w=500&auto=format&fit=crop
Falafel Pita Wrap,Main Course,veg,25 min,crispy falafel; warm pita; hummus; tahini; pickled turnip; cucumber; tomato,"Warm pita pocket. Spread hummus, stuff with fried falafel balls, fresh veggies, and drizzle creamy tahini.",410 cal,14g,56g,16g,8g,Middle Eastern,1,pan,"vegan, street food","sesame, gluten",₹160,Eat fresh,mint lemonade,lunch,https://images.unsplash.com/photo-1561651823-34feb02250e4?w=500&auto=format&fit=crop
Chicken Shawarma Plate,Main Course,non-veg,35 min,spiced grilled chicken; garlic toum sauce; pita; yellow rice; pickled wild cucumber,Marinate chicken in spices and garlic. Grill and shred. Serve over rice with garlic toum and pickles.,520 cal,36g,45g,22g,4g,Middle Eastern,2,skillet,"garlic, savory",gluten,₹260,Refrigerate up to 2 days,ayran / lassi,dinner,https://images.unsplash.com/photo-1529006557810-274b9b2fc783?w=500&auto=format&fit=crop
Baba Ganoush Dip,Starter,veg,30 min,roasted eggplant; tahini; garlic; lemon juice; olive oil; smoked paprika,"Char eggplant over open flame; scoop smoky flesh. Blend with tahini, garlic, and lemon juice into creamy dip.",190 cal,4g,14g,14g,6g,Middle Eastern,3,blender,"smoky, vegan",sesame,₹130,Refrigerate up to 4 days,warm pita chips,party,https://images.unsplash.com/photo-1541544741938-0af808871cc0?w=500&auto=format&fit=crop
Tabbouleh Salad,Starter,veg,15 min,finely chopped parsley; bulgur wheat; mint; tomatoes; lemon juice; olive oil,"Soak bulgur wheat. Mix with abundant fresh chopped parsley, mint, tomatoes, lemon juice, and olive oil.",170 cal,4g,22g,9g,5g,Middle Eastern,2,salad bowl,"fresh, zesty, vegan",gluten,₹120,Refrigerate 2 days,hummus & falafel,lunch,https://images.unsplash.com/photo-1512621776951-a57141f2eefd?w=500&auto=format&fit=crop
Baklava Pastry,Dessert,veg,45 min,phyllo dough sheets; chopped walnuts & pistachios; butter; honey syrup; cardamom,"Layer phyllo dough with melted butter and crushed nuts. Cut diamond patterns, bake golden, and soak in honey syrup.",360 cal,5g,44g,20g,3g,Middle Eastern,6,"baking tray, oven","sweet, nutty, pastry","gluten, nuts, dairy",₹320,Store at room temperature 5 days,turkish coffee,dessert,https://images.unsplash.com/photo-1519676867240-f03562e64548?w=500&auto=format&fit=crop
Classic Pancakes & Maple Syrup,Breakfast,veg,15 min,flour; milk; egg; butter; baking powder; maple syrup; fresh berries,Whisk fluffy pancake batter. Pour onto buttered griddle until golden brown on both sides. Stack & drizzle syrup.,340 cal,8g,54g,10g,2g,American,2,"griddle, spatula","fluffy, breakfast","gluten, dairy, egg",₹140,Best fresh,"black coffee, orange juice",breakfast,https://images.unsplash.com/photo-1567620905732-2d1ec7ab7445?w=500&auto=format&fit=crop
Eggs Benedict,Breakfast,non-veg,25 min,english muffin; poached eggs; canadian bacon; hollandaise sauce; chives,"Toast English muffin halves, top with warm bacon and soft poached egg. Spoon creamy warm hollandaise sauce.",440 cal,22g,26g,28g,2g,American,1,"poaching pot, whisk","gourmet, brunch","egg, dairy, gluten",₹260,Eat fresh,"mimosa, coffee",breakfast,https://images.unsplash.com/photo-1608039829572-78524f79c4c7?w=500&auto=format&fit=crop
BBQ Pulled Chicken Sandwich,Main Course,non-veg,35 min,shredded chicken breast; smoky BBQ sauce; brioche bun; coleslaw,Simmer cooked chicken breast in smoky BBQ sauce. Pile onto toasted brioche bun and top with crunchy coleslaw.,480 cal,35g,46g,16g,3g,American,2,"pot, pan","smoky, juicy","gluten, egg",₹230,Refrigerate pulled chicken up to 3 days,french fries,lunch,https://images.unsplash.com/photo-1521305916504-4a1121188589?w=500&auto=format&fit=crop
Macaroni & Cheese,Main Course,veg,25 min,elbow macaroni; cheddar cheese; butter; flour; milk; breadcrumbs,"Make cheese sauce from roux and sharp cheddar. Stir in macaroni, transfer to baking dish, top with breadcrumbs, bake 15 min.",510 cal,18g,52g,26g,3g,American,3,"baking dish, oven","cheesy, comfort food","dairy, gluten",₹190,Refrigerate 3 days,side salad,dinner,https://images.unsplash.com/photo-1543339308-43e59d6b73a6?w=500&auto=format&fit=crop
Chocolate Brownie Sundae,Dessert,veg,25 min,fudge brownie; vanilla ice cream; chocolate fudge syrup; whipped cream; cherry,"Warm chocolate fudge brownie. Top with scoop of vanilla ice cream, hot fudge sauce, whipped cream, and cherry.",490 cal,6g,64g,24g,4g,American,1,"oven, bowl","fudgy, indulgent","dairy, gluten, egg",₹180,Keep brownie in container,milkshake,dessert,https://images.unsplash.com/photo-1564355808539-22fda35bed7e?w=500&auto=format&fit=crop
Smoothie Bowl Berry Blast,Breakfast,veg,10 min,frozen acai/berries; banana; almond milk; chia seeds; granola; sliced kiwi,"Blend frozen berries and banana with splash of almond milk into thick smoothie. Pour in bowl, top with granola & chia.",290 cal,6g,52g,7g,9g,Global,1,blender,"healthy, vegan, superfood",nuts,₹210,Consume immediately,green tea,breakfast,https://images.unsplash.com/photo-1590301157890-4810ed352733?w=500&auto=format&fit=crop
Greek Yogurt Parfait,Breakfast,veg,8 min,greek yogurt; honey; mixed fresh berries; crunchy granola; walnuts,"Layer thick Greek yogurt with honey, fresh strawberries, blueberries, and crunchy granola in glass.",260 cal,15g,34g,8g,5g,Global,1,glass,"high-protein, quick","dairy, nuts",₹150,Assemble fresh,espresso,breakfast,https://images.unsplash.com/photo-1488477181946-6428a0291777?w=500&auto=format&fit=crop
Chef Choice Italian Salad #1,Snacks,veg,18 min,vegetables; spices; olive oil; herbs; special chef sauce #1,Heat pan with oil. Toss ingredients on medium heat for 12 mins. Season and serve hot.,215 cal,12g,23g,7g,4g,Italian,2,"pan, spatula","delicious, chef special, quick",none,₹110,Refrigerate 2 days,Fresh juice,all day,https://images.unsplash.com/photo-1546069901-ba9599a7e63c?w=500&auto=format&fit=crop
Chef Choice Mexican Wrap #2,Main Course,veg,21 min,vegetables; spices; olive oil; herbs; special chef sauce #2,Heat pan with oil. Toss ingredients on medium heat for 14 mins. Season and serve hot.,230 cal,14g,26g,9g,5g,Mexican,2,"pan, spatula","delicious, chef special, quick",none,₹120,Refrigerate 2 days,Fresh juice,all day,https://images.unsplash.com/photo-1546069901-ba9599a7e63c?w=500&auto=format&fit=crop
Chef Choice Asian Bowl #3,Snacks,non-veg,24 min,vegetables; spices; olive oil; herbs; special chef sauce #3,Heat pan with oil. Toss ingredients on medium heat for 16 mins. Season and serve hot.,245 cal,16g,29g,11g,6g,Asian,2,"pan, spatula","delicious, chef special, quick",none,₹130,Refrigerate 2 days,Fresh juice,all day,https://images.unsplash.com/photo-1546069901-ba9599a7e63c?w=500&auto=format&fit=crop
Chef Choice Middle Eastern Soup #4,Main Course,veg,27 min,vegetables; spices; olive oil; herbs; special chef sauce #4,Heat pan with oil. Toss ingredients on medium heat for 18 mins. Season and serve hot.,260 cal,18g,32g,13g,7g,Middle Eastern,2,"pan, spatula","delicious, chef special, quick",none,₹140,Refrigerate 2 days,Fresh juice,all day,https://images.unsplash.com/photo-1546069901-ba9599a7e63c?w=500&auto=format&fit=crop
Chef Choice American Stir Fry #5,Snacks,veg,30 min,vegetables; spices; olive oil; herbs; special chef sauce #5,Heat pan with oil. Toss ingredients on medium heat for 20 mins. Season and serve hot.,275 cal,20g,35g,15g,3g,American,2,"pan, spatula","delicious, chef special, quick",none,₹150,Refrigerate 2 days,Fresh juice,all day,https://images.unsplash.com/photo-1546069901-ba9599a7e63c?w=500&auto=format&fit=crop
Chef Choice Indian Curry #6,Main Course,non-veg,33 min,vegetables; spices; olive oil; herbs; special chef sauce #6,Heat pan with oil. Toss ingredients on medium heat for 22 mins. Season and serve hot.,290 cal,22g,38g,17g,4g,Indian,2,"pan, spatula","delicious, chef special, quick",none,₹160,Refrigerate 2 days,Fresh juice,all day,https://images.unsplash.com/photo-1546069901-ba9599a7e63c?w=500&auto=format&fit=crop
Chef Choice Italian Salad #7,Snacks,veg,36 min,vegetables; spices; olive oil; herbs; special chef sauce #7,Heat pan with oil. Toss ingredients on medium heat for 24 mins. Season and serve hot.,305 cal,24g,41g,19g,5g,Italian,2,"pan, spatula","delicious, chef special, quick",none,₹170,Refrigerate 2 days,Fresh juice,all day,https://images.unsplash.com/photo-1546069901-ba9599a7e63c?w=500&auto=format&fit=crop
Chef Choice Mexican Wrap #8,Main Course,veg,39 min,vegetables; spices; olive oil; herbs; special chef sauce #8,Heat pan with oil. Toss ingredients on medium heat for 26 mins. Season and serve hot.,320 cal,26g,44g,21g,6g,Mexican,2,"pan, spatula","delicious, chef special, quick",none,₹180,Refrigerate 2 days,Fresh juice,all day,https://images.unsplash.com/photo-1546069901-ba9599a7e63c?w=500&auto=format&fit=crop
Chef Choice Asian Bowl #9,Snacks,non-veg,42 min,vegetables; spices; olive oil; herbs; special chef sauce #9,Heat pan with oil. Toss ingredients on medium heat for 28 mins. Season and serve hot.,335 cal,28g,47g,23g,7g,Asian,2,"pan, spatula","delicious, chef special, quick",none,₹190,Refrigerate 2 days,Fresh juice,all day,https://images.unsplash.com/photo-1546069901-ba9599a7e63c?w=500&auto=format&fit=crop
Chef Choice Middle Eastern Soup #10,Main Course,veg,45 min,vegetables; spices; olive oil; herbs; special chef sauce #10,Heat pan with oil. Toss ingredients on medium heat for 10 mins. Season and serve hot.,350 cal,30g,50g,5g,3g,Middle Eastern,2,"pan, spatula","delicious, chef special, quick",none,₹200,Refrigerate 2 days,Fresh juice,all day,https://images.unsplash.com/photo-1546069901-ba9599a7e63c?w=500&auto=format&fit=crop
Chef Choice American Stir Fry #11,Snacks,veg,48 min,vegetables; spices; olive oil; herbs; special chef sauce #11,Heat pan with oil. Toss ingredients on medium heat for 12 mins. Season and serve hot.,365 cal,32g,53g,7g,4g,American,2,"pan, spatula","delicious, chef special, quick",none,₹210,Refrigerate 2 days,Fresh juice,all day,https://images.unsplash.com/photo-1546069901-ba9599a7e63c?w=500&auto=format&fit=crop
Chef Choice Indian Curry #12,Main Course,non-veg,51 min,vegetables; spices; olive oil; herbs; special chef sauce #12,Heat pan with oil. Toss ingredients on medium heat for 14 mins. Season and serve hot.,380 cal,34g,56g,9g,5g,Indian,2,"pan, spatula","delicious, chef special, quick",none,₹220,Refrigerate 2 days,Fresh juice,all day,https://images.unsplash.com/photo-1546069901-ba9599a7e63c?w=500&auto=format&fit=crop
Chef Choice Italian Salad #13,Snacks,veg,54 min,vegetables; spices; olive oil; herbs; special chef sauce #13,Heat pan with oil. Toss ingredients on medium heat for 16 mins. Season and serve hot.,395 cal,36g,59g,11g,6g,Italian,2,"pan, spatula","delicious, chef special, quick",none,₹230,Refrigerate 2 days,Fresh juice,all day,https://images.unsplash.com/photo-1546069901-ba9599a7e63c?w=500&auto=format&fit=crop
Chef Choice Mexican Wrap #14,Main Course,veg,57 min,vegetables; spices; olive oil; herbs; special chef sauce #14,Heat pan with oil. Toss ingredients on medium heat for 18 mins. Season and serve hot.,410 cal,38g,62g,13g,7g,Mexican,2,"pan, spatula","delicious, chef special, quick",none,₹240,Refrigerate 2 days,Fresh juice,all day,https://images.unsplash.com/photo-1546069901-ba9599a7e63c?w=500&auto=format&fit=crop
Chef Choice Asian Bowl #15,Snacks,non-veg,15 min,vegetables; spices; olive oil; herbs; special chef sauce #15,Heat pan with oil. Toss ingredients on medium heat for 20 mins. Season and serve hot.,425 cal,10g,65g,15g,3g,Asian,2,"pan, spatula","delicious, chef special, quick",none,₹250,Refrigerate 2 days,Fresh juice,all day,https://images.unsplash.com/photo-1546069901-ba9599a7e63c?w=500&auto=format&fit=crop
Chef Choice Middle Eastern Soup #16,Main Course,veg,18 min,vegetables; spices; olive oil; herbs; special chef sauce #16,Heat pan with oil. Toss ingredients on medium heat for 22 mins. Season and serve hot.,440 cal,12g,68g,17g,4g,Middle Eastern,2,"pan, spatula","delicious, chef special, quick",none,₹260,Refrigerate 2 days,Fresh juice,all day,https://images.unsplash.com/photo-1546069901-ba9599a7e63c?w=500&auto=format&fit=crop
Chef Choice American Stir Fry #17,Snacks,veg,21 min,vegetables; spices; olive oil; herbs; special chef sauce #17,Heat pan with oil. Toss ingredients on medium heat for 24 mins. Season and serve hot.,455 cal,14g,21g,19g,5g,American,2,"pan, spatula","delicious, chef special, quick",none,₹270,Refrigerate 2 days,Fresh juice,all day,https://images.unsplash.com/photo-1546069901-ba9599a7e63c?w=500&auto=format&fit=crop
Chef Choice Indian Curry #18,Main Course,non-veg,24 min,vegetables; spices; olive oil; herbs; special chef sauce #18,Heat pan with oil. Toss ingredients on medium heat for 26 mins. Season and serve hot.,470 cal,16g,24g,21g,6g,Indian,2,"pan, spatula","delicious, chef special, quick",none,₹280,Refrigerate 2 days,Fresh juice,all day,https://images.unsplash.com/photo-1546069901-ba9599a7e63c?w=500&auto=format&fit=crop
Chef Choice Italian Salad #19,Snacks,veg,27 min,vegetables; spices; olive oil; herbs; special chef sauce #19,Heat pan with oil. Toss ingredients on medium heat for 28 mins. Season and serve hot.,485 cal,18g,27g,23g,7g,Italian,2,"pan, spatula","delicious, chef special, quick",none,₹290,Refrigerate 2 days,Fresh juice,all day,https://images.unsplash.com/photo-1546069901-ba9599a7e63c?w=500&auto=format&fit=crop
Chef Choice Mexican Wrap #20,Main Course,veg,30 min,vegetables; spices; olive oil; herbs; special chef sauce #20,Heat pan with oil. Toss ingredients on medium heat for 10 mins. Season and serve hot.,500 cal,20g,30g,5g,3g,Mexican,2,"pan, spatula","delicious, chef special, quick",none,₹300,Refrigerate 2 days,Fresh juice,all day,https://images.unsplash.com/photo-1546069901-ba9599a7e63c?w=500&auto=format&fit=crop
Chef Choice Asian Bowl #21,Snacks,non-veg,33 min,vegetables; spices; olive oil; herbs; special chef sauce #21,Heat pan with oil. Toss ingredients on medium heat for 12 mins. Season and serve hot.,515 cal,22g,33g,7g,4g,Asian,2,"pan, spatula","delicious, chef special, quick",none,₹310,Refrigerate 2 days,Fresh juice,all day,https://images.unsplash.com/photo-1546069901-ba9599a7e63c?w=500&auto=format&fit=crop
Chef Choice Middle Eastern Soup #22,Main Course,veg,36 min,vegetables; spices; olive oil; herbs; special chef sauce #22,Heat pan with oil. Toss ingredients on medium heat for 14 mins. Season and serve hot.,530 cal,24g,36g,9g,5g,Middle Eastern,2,"pan, spatula","delicious, chef special, quick",none,₹320,Refrigerate 2 days,Fresh juice,all day,https://images.unsplash.com/photo-1546069901-ba9599a7e63c?w=500&auto=format&fit=crop
Chef Choice American Stir Fry #23,Snacks,veg,39 min,vegetables; spices; olive oil; herbs; special chef sauce #23,Heat pan with oil. Toss ingredients on medium heat for 16 mins. Season and serve hot.,545 cal,26g,39g,11g,6g,American,2,"pan, spatula","delicious, chef special, quick",none,₹330,Refrigerate 2 days,Fresh juice,all day,https://images.unsplash.com/photo-1546069901-ba9599a7e63c?w=500&auto=format&fit=crop
Chef Choice Indian Curry #24,Main Course,non-veg,42 min,vegetables; spices; olive oil; herbs; special chef sauce #24,Heat pan with oil. Toss ingredients on medium heat for 18 mins. Season and serve hot.,560 cal,28g,42g,13g,7g,Indian,2,"pan, spatula","delicious, chef special, quick",none,₹340,Refrigerate 2 days,Fresh juice,all day,https://images.unsplash.com/photo-1546069901-ba9599a7e63c?w=500&auto=format&fit=crop
Chef Choice Italian Salad #25,Snacks,veg,45 min,vegetables; spices; olive oil; herbs; special chef sauce #25,Heat pan with oil. Toss ingredients on medium heat for 20 mins. Season and serve hot.,575 cal,30g,45g,15g,3g,Italian,2,"pan, spatula","delicious, chef special, quick",none,₹100,Refrigerate 2 days,Fresh juice,all day,https://images.unsplash.com/photo-1546069901-ba9599a7e63c?w=500&auto=format&fit=crop
Chef Choice Mexican Wrap #26,Main Course,veg,48 min,vegetables; spices; olive oil; herbs; special chef sauce #26,Heat pan with oil. Toss ingredients on medium heat for 22 mins. Season and serve hot.,590 cal,32g,48g,17g,4g,Mexican,2,"pan, spatula","delicious, chef special, quick",none,₹110,Refrigerate 2 days,Fresh juice,all day,https://images.unsplash.com/photo-1546069901-ba9599a7e63c?w=500&auto=format&fit=crop
Chef Choice Asian Bowl #27,Snacks,non-veg,51 min,vegetables; spices; olive oil; herbs; special chef sauce #27,Heat pan with oil. Toss ingredients on medium heat for 24 mins. Season and serve hot.,205 cal,34g,51g,19g,5g,Asian,2,"pan, spatula","delicious, chef special, quick",none,₹120,Refrigerate 2 days,Fresh juice,all day,https://images.unsplash.com/photo-1546069901-ba9599a7e63c?w=500&auto=format&fit=crop
Chef Choice Middle Eastern Soup #28,Main Course,veg,54 min,vegetables; spices; olive oil; herbs; special chef sauce #28,Heat pan with oil. Toss ingredients on medium heat for 26 mins. Season and serve hot.,220 cal,36g,54g,21g,6g,Middle Eastern,2,"pan, spatula","delicious, chef special, quick",none,₹130,Refrigerate 2 days,Fresh juice,all day,https://images.unsplash.com/photo-1546069901-ba9599a7e63c?w=500&auto=format&fit=crop
Chef Choice American Stir Fry #29,Snacks,veg,57 min,vegetables; spices; olive oil; herbs; special chef sauce #29,Heat pan with oil. Toss ingredients on medium heat for 28 mins. Season and serve hot.,235 cal,38g,57g,23g,7g,American,2,"pan, spatula","delicious, chef special, quick",none,₹140,Refrigerate 2 days,Fresh juice,all day,https://images.unsplash.com/photo-1546069901-ba9599a7e63c?w=500&auto=format&fit=crop
Chef Choice Indian Curry #30,Main Course,non-veg,15 min,vegetables; spices; olive oil; herbs; special chef sauce #30,Heat pan with oil. Toss ingredients on medium heat for 10 mins. Season and serve hot.,250 cal,10g,60g,5g,3g,Indian,2,"pan, spatula","delicious, chef special, quick",none,₹150,Refrigerate 2 days,Fresh juice,all day,https://images.unsplash.com/photo-1546069901-ba9599a7e63c?w=500&auto=format&fit=crop
Chef Choice Italian Salad #31,Snacks,veg,18 min,vegetables; spices; olive oil; herbs; special chef sauce #31,Heat pan with oil. Toss ingredients on medium heat for 12 mins. Season and serve hot.,265 cal,12g,63g,7g,4g,Italian,2,"pan, spatula","delicious, chef special, quick",none,₹160,Refrigerate 2 days,Fresh juice,all day,https://images.unsplash.com/photo-1546069901-ba9599a7e63c?w=500&auto=format&fit=crop
Chef Choice Mexican Wrap #32,Main Course,veg,21 min,vegetables; spices; olive oil; herbs; special chef sauce #32,Heat pan with oil. Toss ingredients on medium heat for 14 mins. Season and serve hot.,280 cal,14g,66g,9g,5g,Mexican,2,"pan, spatula","delicious, chef special, quick",none,₹170,Refrigerate 2 days,Fresh juice,all day,https://images.unsplash.com/photo-1546069901-ba9599a7e63c?w=500&auto=format&fit=crop
Chef Choice Asian Bowl #33,Snacks,non-veg,24 min,vegetables; spices; olive oil; herbs; special chef sauce #33,Heat pan with oil. Toss ingredients on medium heat for 16 mins. Season and serve hot.,295 cal,16g,69g,11g,6g,Asian,2,"pan, spatula","delicious, chef special, quick",none,₹180,Refrigerate 2 days,Fresh juice,all day,https://images.unsplash.com/photo-1546069901-ba9599a7e63c?w=500&auto=format&fit=crop
Chef Choice Middle Eastern Soup #34,Main Course,veg,27 min,vegetables; spices; olive oil; herbs; special chef sauce #34,Heat pan with oil. Toss ingredients on medium heat for 18 mins. Season and serve hot.,310 cal,18g,22g,13g,7g,Middle Eastern,2,"pan, spatula","delicious, chef special, quick",none,₹190,Refrigerate 2 days,Fresh juice,all day,https://images.unsplash.com/photo-1546069901-ba9599a7e63c?w=500&auto=format&fit=crop
Chef Choice American Stir Fry #35,Snacks,veg,30 min,vegetables; spices; olive oil; herbs; special chef sauce #35,Heat pan with oil. Toss ingredients on medium heat for 20 mins. Season and serve hot.,325 cal,20g,25g,15g,3g,American,2,"pan, spatula","delicious, chef special, quick",none,₹200,Refrigerate 2 days,Fresh juice,all day,https://images.unsplash.com/photo-1546069901-ba9599a7e63c?w=500&auto=format&fit=crop
Chef Choice Indian Curry #36,Main Course,non-veg,33 min,vegetables; spices; olive oil; herbs; special chef sauce #36,Heat pan with oil. Toss ingredients on medium heat for 22 mins. Season and serve hot.,340 cal,22g,28g,17g,4g,Indian,2,"pan, spatula","delicious, chef special, quick",none,₹210,Refrigerate 2 days,Fresh juice,all day,https://images.unsplash.com/photo-1546069901-ba9599a7e63c?w=500&auto=format&fit=crop
Chef Choice Italian Salad #37,Snacks,veg,36 min,vegetables; spices; olive oil; herbs; special chef sauce #37,Heat pan with oil. Toss ingredients on medium heat for 24 mins. Season and serve hot.,355 cal,24g,31g,19g,5g,Italian,2,"pan, spatula","delicious, chef special, quick",none,₹220,Refrigerate 2 days,Fresh juice,all day,https://images.unsplash.com/photo-1546069901-ba9599a7e63c?w=500&auto=format&fit=crop
Chef Choice Mexican Wrap #38,Main Course,veg,39 min,vegetables; spices; olive oil; herbs; special chef sauce #38,Heat pan with oil. Toss ingredients on medium heat for 26 mins. Season and serve hot.,370 cal,26g,34g,21g,6g,Mexican,2,"pan, spatula","delicious, chef special, quick",none,₹230,Refrigerate 2 days,Fresh juice,all day,https://images.unsplash.com/photo-1546069901-ba9599a7e63c?w=500&auto=format&fit=crop
Chef Choice Asian Bowl #39,Snacks,non-veg,42 min,vegetables; spices; olive oil; herbs; special chef sauce #39,Heat pan with oil. Toss ingredients on medium heat for 28 mins. Season and serve hot.,385 cal,28g,37g,23g,7g,Asian,2,"pan, spatula","delicious, chef special, quick",none,₹240,Refrigerate 2 days,Fresh juice,all day,https://images.unsplash.com/photo-1546069901-ba9599a7e63c?w=500&auto=format&fit=crop
Chef Choice Middle Eastern Soup #40,Main Course,veg,45 min,vegetables; spices; olive oil; herbs; special chef sauce #40,Heat pan with oil. Toss ingredients on medium heat for 10 mins. Season and serve hot.,400 cal,30g,40g,5g,3g,Middle Eastern,2,"pan, spatula","delicious, chef special, quick",none,₹250,Refrigerate 2 days,Fresh juice,all day,https://images.unsplash.com/photo-1546069901-ba9599a7e63c?w=500&auto=format&fit=crop
Chef Choice American Stir Fry #41,Snacks,veg,48 min,vegetables; spices; olive oil; herbs; special chef sauce #41,Heat pan with oil. Toss ingredients on medium heat for 12 mins. Season and serve hot.,415 cal,32g,43g,7g,4g,American,2,"pan, spatula","delicious, chef special, quick",none,₹260,Refrigerate 2 days,Fresh juice,all day,https://images.unsplash.com/photo-1546069901-ba9599a7e63c?w=500&auto=format&fit=crop
Chef Choice Indian Curry #42,Main Course,non-veg,51 min,vegetables; spices; olive oil; herbs; special chef sauce #42,Heat pan with oil. Toss ingredients on medium heat for 14 mins. Season and serve hot.,430 cal,34g,46g,9g,5g,Indian,2,"pan, spatula","delicious, chef special, quick",none,₹270,Refrigerate 2 days,Fresh juice,all day,https://images.unsplash.com/photo-1546069901-ba9599a7e63c?w=500&auto=format&fit=crop
Chef Choice Italian Salad #43,Snacks,veg,54 min,vegetables; spices; olive oil; herbs; special chef sauce #43,Heat pan with oil. Toss ingredients on medium heat for 16 mins. Season and serve hot.,445 cal,36g,49g,11g,6g,Italian,2,"pan, spatula","delicious, chef special, quick",none,₹280,Refrigerate 2 days,Fresh juice,all day,https://images.unsplash.com/photo-1546069901-ba9599a7e63c?w=500&auto=format&fit=crop
Chef Choice Mexican Wrap #44,Main Course,veg,57 min,vegetables; spices; olive oil; herbs; special chef sauce #44,Heat pan with oil. Toss ingredients on medium heat for 18 mins. Season and serve hot.,460 cal,38g,52g,13g,7g,Mexican,2,"pan, spatula","delicious, chef special, quick",none,₹290,Refrigerate 2 days,Fresh juice,all day,https://images.unsplash.com/photo-1546069901-ba9599a7e63c?w=500&auto=format&fit=crop
Chef Choice Asian Bowl #45,Snacks,non-veg,15 min,vegetables; spices; olive oil; herbs; special chef sauce #45,Heat pan with oil. Toss ingredients on medium heat for 20 mins. Season and serve hot.,475 cal,10g,55g,15g,3g,Asian,2,"pan, spatula","delicious, chef special, quick",none,₹300,Refrigerate 2 days,Fresh juice,all day,https://images.unsplash.com/photo-1546069901-ba9599a7e63c?w=500&auto=format&fit=crop
Chef Choice Middle Eastern Soup #46,Main Course,veg,18 min,vegetables; spices; olive oil; herbs; special chef sauce #46,Heat pan with oil. Toss ingredients on medium heat for 22 mins. Season and serve hot.,490 cal,12g,58g,17g,4g,Middle Eastern,2,"pan, spatula","delicious, chef special, quick",none,₹310,Refrigerate 2 days,Fresh juice,all day,https://images.unsplash.com/photo-1546069901-ba9599a7e63c?w=500&auto=format&fit=crop
Chef Choice American Stir Fry #47,Snacks,veg,21 min,vegetables; spices; olive oil; herbs; special chef sauce #47,Heat pan with oil. Toss ingredients on medium heat for 24 mins. Season and serve hot.,505 cal,14g,61g,19g,5g,American,2,"pan, spatula","delicious, chef special, quick",none,₹320,Refrigerate 2 days,Fresh juice,all day,https://images.unsplash.com/photo-1546069901-ba9599a7e63c?w=500&auto=format&fit=crop
Chef Choice Indian Curry #48,Main Course,non-veg,24 min,vegetables; spices; olive oil; herbs; special chef sauce #48,Heat pan with oil. Toss ingredients on medium heat for 26 mins. Season and serve hot.,520 cal,16g,64g,21g,6g,Indian,2,"pan, spatula","delicious, chef special, quick",none,₹330,Refrigerate 2 days,Fresh juice,all day,https://images.unsplash.com/photo-1546069901-ba9599a7e63c?w=500&auto=format&fit=crop
Chef Choice Italian Salad #49,Snacks,veg,27 min,vegetables; spices; olive oil; herbs; special chef sauce #49,Heat pan with oil. Toss ingredients on medium heat for 28 mins. Season and serve hot.,535 cal,18g,67g,23g,7g,Italian,2,"pan, spatula","delicious, chef special, quick",none,₹340,Refrigerate 2 days,Fresh juice,all day,https://images.unsplash.com/photo-1546069901-ba9599a7e63c?w=500&auto=format&fit=crop
Chef Choice Mexican Wrap #50,Main Course,veg,30 min,vegetables; spices; olive oil; herbs; special chef sauce #50,Heat pan with oil. Toss ingredients on medium heat for 10 mins. Season and serve hot.,550 cal,20g,20g,5g,3g,Mexican,2,"pan, spatula","delicious, chef special, quick",none,₹100,Refrigerate 2 days,Fresh juice,all day,https://images.unsplash.com/photo-1546069901-ba9599a7e63c?w=500&auto=format&fit=crop
Chef Choice Asian Bowl #51,Snacks,non-veg,33 min,vegetables; spices; olive oil; herbs; special chef sauce #51,Heat pan with oil. Toss ingredients on medium heat for 12 mins. Season and serve hot.,565 cal,22g,23g,7g,4g,Asian,2,"pan, spatula","delicious, chef special, quick",none,₹110,Refrigerate 2 days,Fresh juice,all day,https://images.unsplash.com/photo-1546069901-ba9599a7e63c?w=500&auto=format&fit=crop
Chef Choice Middle Eastern Soup #52,Main Course,veg,36 min,vegetables; spices; olive oil; herbs; special chef sauce #52,Heat pan with oil. Toss ingredients on medium heat for 14 mins. Season and serve hot.,580 cal,24g,26g,9g,5g,Middle Eastern,2,"pan, spatula","delicious, chef special, quick",none,₹120,Refrigerate 2 days,Fresh juice,all day,https://images.unsplash.com/photo-1546069901-ba9599a7e63c?w=500&auto=format&fit=crop
Chef Choice American Stir Fry #53,Snacks,veg,39 min,vegetables; spices; olive oil; herbs; special chef sauce #53,Heat pan with oil. Toss ingredients on medium heat for 16 mins. Season and serve hot.,595 cal,26g,29g,11g,6g,American,2,"pan, spatula","delicious, chef special, quick",none,₹130,Refrigerate 2 days,Fresh juice,all day,https://images.unsplash.com/photo-1546069901-ba9599a7e63c?w=500&auto=format&fit=crop
Chef Choice Indian Curry #54,Main Course,non-veg,42 min,vegetables; spices; olive oil; herbs; special chef sauce #54,Heat pan with oil. Toss ingredients on medium heat for 18 mins. Season and serve hot.,210 cal,28g,32g,13g,7g,Indian,2,"pan, spatula","delicious, chef special, quick",none,₹140,Refrigerate 2 days,Fresh juice,all day,https://images.unsplash.com/photo-1546069901-ba9599a7e63c?w=500&auto=format&fit=crop
Chef Choice Italian Salad #55,Snacks,veg,45 min,vegetables; spices; olive oil; herbs; special chef sauce #55,Heat pan with oil. Toss ingredients on medium heat for 20 mins. Season and serve hot.,225 cal,30g,35g,15g,3g,Italian,2,"pan, spatula","delicious, chef special, quick",none,₹150,Refrigerate 2 days,Fresh juice,all day,https://images.unsplash.com/photo-1546069901-ba9599a7e63c?w=500&auto=format&fit=crop
Chef Choice Mexican Wrap #56,Main Course,veg,48 min,vegetables; spices; olive oil; herbs; special chef sauce #56,Heat pan with oil. Toss ingredients on medium heat for 22 mins. Season and serve hot.,240 cal,32g,38g,17g,4g,Mexican,2,"pan, spatula","delicious, chef special, quick",none,₹160,Refrigerate 2 days,Fresh juice,all day,https://images.unsplash.com/photo-1546069901-ba9599a7e63c?w=500&auto=format&fit=crop
Chef Choice Asian Bowl #57,Snacks,non-veg,51 min,vegetables; spices; olive oil; herbs; special chef sauce #57,Heat pan with oil. Toss ingredients on medium heat for 24 mins. Season and serve hot.,255 cal,34g,41g,19g,5g,Asian,2,"pan, spatula","delicious, chef special, quick",none,₹170,Refrigerate 2 days,Fresh juice,all day,https://images.unsplash.com/photo-1546069901-ba9599a7e63c?w=500&auto=format&fit=crop
Chef Choice Middle Eastern Soup #58,Main Course,veg,54 min,vegetables; spices; olive oil; herbs; special chef sauce #58,Heat pan with oil. Toss ingredients on medium heat for 26 mins. Season and serve hot.,270 cal,36g,44g,21g,6g,Middle Eastern,2,"pan, spatula","delicious, chef special, quick",none,₹180,Refrigerate 2 days,Fresh juice,all day,https://images.unsplash.com/photo-1546069901-ba9599a7e63c?w=500&auto=format&fit=crop
Chef Choice American Stir Fry #59,Snacks,veg,57 min,vegetables; spices; olive oil; herbs; special chef sauce #59,Heat pan with oil. Toss ingredients on medium heat for 28 mins. Season and serve hot.,285 cal,38g,47g,23g,7g,American,2,"pan, spatula","delicious, chef special, quick",none,₹190,Refrigerate 2 days,Fresh juice,all day,https://images.unsplash.com/photo-1546069901-ba9599a7e63c?w=500&auto=format&fit=crop
Chef Choice Indian Curry #60,Main Course,non-veg,15 min,vegetables; spices; olive oil; herbs; special chef sauce #60,Heat pan with oil. Toss ingredients on medium heat for 10 mins. Season and serve hot.,300 cal,10g,50g,5g,3g,Indian,2,"pan, spatula","delicious, chef special, quick",none,₹200,Refrigerate 2 days,Fresh juice,all day,https://images.unsplash.com/photo-1546069901-ba9599a7e63c?w=500&auto=format&fit=crop
Chef Choice Italian Salad #61,Snacks,veg,18 min,vegetables; spices; olive oil; herbs; special chef sauce #61,Heat pan with oil. Toss ingredients on medium heat for 12 mins. Season and serve hot.,315 cal,12g,53g,7g,4g,Italian,2,"pan, spatula","delicious, chef special, quick",none,₹210,Refrigerate 2 days,Fresh juice,all day,https://images.unsplash.com/photo-1546069901-ba9599a7e63c?w=500&auto=format&fit=crop
Chef Choice Mexican Wrap #62,Main Course,veg,21 min,vegetables; spices; olive oil; herbs; special chef sauce #62,Heat pan with oil. Toss ingredients on medium heat for 14 mins. Season and serve hot.,330 cal,14g,56g,9g,5g,Mexican,2,"pan, spatula","delicious, chef special, quick",none,₹220,Refrigerate 2 days,Fresh juice,all day,https://images.unsplash.com/photo-1546069901-ba9599a7e63c?w=500&auto=format&fit=crop
Chef Choice Asian Bowl #63,Snacks,non-veg,24 min,vegetables; spices; olive oil; herbs; special chef sauce #63,Heat pan with oil. Toss ingredients on medium heat for 16 mins. Season and serve hot.,345 cal,16g,59g,11g,6g,Asian,2,"pan, spatula","delicious, chef special, quick",none,₹230,Refrigerate 2 days,Fresh juice,all day,https://images.unsplash.com/photo-1546069901-ba9599a7e63c?w=500&auto=format&fit=crop
Chef Choice Middle Eastern Soup #64,Main Course,veg,27 min,vegetables; spices; olive oil; herbs; special chef sauce #64,Heat pan with oil. Toss ingredients on medium heat for 18 mins. Season and serve hot.,360 cal,18g,62g,13g,7g,Middle Eastern,2,"pan, spatula","delicious, chef special, quick",none,₹240,Refrigerate 2 days,Fresh juice,all day,https://images.unsplash.com/photo-1546069901-ba9599a7e63c?w=500&auto=format&fit=crop
Poha with Peanuts,Breakfast,veg,15 min,flattened rice; peanuts; mustard seeds; onion; green chili; curry leaves; turmeric; lemon juice,"Rinse poha. Sauté mustard seeds, peanuts, onions, and curry leaves in oil. Add poha and turmeric; steam 3 mins with lemon juice.",220 cal,6g,38g,7g,4g,Indian,2,"pan, spatula","breakfast, quick, light",peanuts,₹50,Eat fresh,masala chai,breakfast,https://images.unsplash.com/photo-1601050690597-df0568f70950?w=500&auto=format&fit=crop
Upma Rava,Breakfast,veg,20 min,roasted semolina; mustard seeds; chana dal; cashews; onion; ginger; green chili; ghee,"Sauté spices, cashews, and veggies in ghee. Add boiling water, gradually whisk in rava, cover and steam 5 min.",240 cal,7g,42g,6g,3g,South Indian,2,pan,"breakfast, traditional","nuts, gluten",₹60,Refrigerate 1 day,coconut chutney,breakfast,https://images.unsplash.com/photo-1589301760014-d929f3979dbc?w=500&auto=format&fit=crop
Oatmeal with Honey & Fruits,Breakfast,veg,10 min,rolled oats; milk/almond milk; honey; sliced banana; chia seeds; blueberries,"Simmer oats in milk for 5 mins. Pour into bowl; top with sliced bananas, berries, chia seeds, and honey drizzle.",260 cal,10g,48g,5g,8g,Global,1,small pot,"healthy, high-fiber","dairy, nuts",₹80,Eat warm,green tea,breakfast,https://images.unsplash.com/photo-1517673400267-0251440c45dc?w=500&auto=format&fit=crop
French Toast Classic,Breakfast,veg,15 min,bread slices; egg; milk; cinnamon; butter; maple syrup,Whisk eggs with milk and cinnamon. Dip bread slices in egg mix and toast on buttered skillet until golden.,310 cal,12g,36g,14g,2g,French,2,skillet,"sweet, breakfast","gluten, egg, dairy",₹100,Eat fresh,coffee,breakfast,https://images.unsplash.com/photo-1484723091739-30a097e8f929?w=500&auto=format&fit=crop
Omelette Masala,Breakfast,non-veg,10 min,eggs; onion; tomato; green chili; cilantro; butter; black pepper,"Whisk eggs with finely chopped onions, tomatoes, and chilies. Pour onto hot buttered pan; fold and serve hot.",240 cal,16g,4g,18g,1g,Indian,1,"pan, spatula","keto, high-protein","egg, dairy",₹50,Eat fresh,"toast, tea",breakfast,https://images.unsplash.com/photo-1525351484163-7529414344d8?w=500&auto=format&fit=crop
Paneer Bhurji,Breakfast,veg,15 min,crumbled paneer; onion; tomato; cumin; turmeric; chili powder; butter,Sauté onions and tomatoes with spices. Add crumbled paneer; toss for 3 minutes until aromatic and tender.,320 cal,18g,8g,24g,2g,Indian,2,pan,"keto, high-protein",dairy,₹140,Refrigerate 1 day,"toast, paratha",breakfast,https://images.unsplash.com/photo-1631452180519-c014fe946bc7?w=500&auto=format&fit=crop
Egg Burrito,Breakfast,non-veg,15 min,scrambled eggs; tortilla; cheddar cheese; salsa; avocado; black beans,"Scramble eggs. Warm tortilla, fill with eggs, cheese, black beans, salsa, and sliced avocado; roll tightly.",410 cal,22g,38g,20g,6g,Mexican,1,skillet,"breakfast, filling","egg, dairy, gluten",₹160,Refrigerate 1 day,orange juice,breakfast,https://images.unsplash.com/photo-1618040996337-56904b7850b9?w=500&auto=format&fit=crop
Chicken Caesar Wrap,Lunch,non-veg,15 min,grilled chicken breast; romaine lettuce; caesar dressing; parmesan; flour tortilla,"Toss grilled chicken slices with romaine lettuce, caesar dressing, and parmesan. Wrap tightly in tortilla.",450 cal,34g,32g,20g,3g,American,1,cutting board,"lunch, portable","dairy, gluten, egg",₹190,Refrigerate 1 day,iced tea,lunch,https://images.unsplash.com/photo-1509722747041-616f39b57569?w=500&auto=format&fit=crop
Greek Salad with Feta,Lunch,veg,12 min,cucumber; tomato; kalamata olives; red onion; feta cheese; extra virgin olive oil; oregano,"Chop cucumber, tomatoes, and onions into chunks. Combine with olives, top with feta block, drizzle olive oil & oregano.",280 cal,9g,14g,22g,4g,Greek,2,salad bowl,"keto, fresh, low-carb",dairy,₹180,Refrigerate 2 days,pita bread,lunch,https://images.unsplash.com/photo-1540420773420-3366772f4999?w=500&auto=format&fit=crop
Lentil Dahl Soup,Lunch,veg,30 min,red lentils; coconut milk; onion; garlic; turmeric; cumin; spinach,Sauté onion and garlic with turmeric and cumin. Add red lentils and water; simmer until soft. Stir in coconut milk & spinach.,320 cal,16g,44g,8g,11g,Indian,3,soup pot,"vegan, high-protein",none,₹110,Refrigerate up to 4 days,"roti, rice",lunch,https://images.unsplash.com/photo-1547592166-23ac45744acd?w=500&auto=format&fit=crop
Chef Deluxe Italian Lunch #1,Lunch,non-veg,14 min,fresh ingredients; olive oil; fragrant spices; signature sauce #1,Prepare fresh ingredients. Sauté on medium flame for 10 mins. Garnish with fresh herbs.,192 cal,11g,19g,6g,3g,Italian,2,"pan, spatula","lunch, healthy, chef choice",none,₹92,Refrigerate up to 2 days,Beverage,lunch,https://images.unsplash.com/photo-1546069901-ba9599a7e63c?w=500&auto=format&fit=crop
Chef Deluxe Mexican Dinner #2,Dinner,veg,18 min,fresh ingredients; olive oil; fragrant spices; signature sauce #2,Prepare fresh ingredients. Sauté on medium flame for 12 mins. Garnish with fresh herbs.,204 cal,14g,23g,8g,4g,Mexican,2,"pan, spatula","dinner, healthy, chef choice",none,₹104,Refrigerate up to 2 days,Beverage,dinner,https://images.unsplash.com/photo-1546069901-ba9599a7e63c?w=500&auto=format&fit=crop
Chef Deluxe Asian Snacks #3,Snacks,non-veg,22 min,fresh ingredients; olive oil; fragrant spices; signature sauce #3,Prepare fresh ingredients. Sauté on medium flame for 14 mins. Garnish with fresh herbs.,216 cal,17g,27g,10g,5g,Asian,2,"pan, spatula","snacks, healthy, chef choice",none,₹116,Refrigerate up to 2 days,Beverage,snacks,https://images.unsplash.com/photo-1546069901-ba9599a7e63c?w=500&auto=format&fit=crop
Chef Deluxe Mediterranean Dessert #4,Dessert,veg,26 min,fresh ingredients; olive oil; fragrant spices; signature sauce #4,Prepare fresh ingredients. Sauté on medium flame for 16 mins. Garnish with fresh herbs.,228 cal,20g,31g,12g,6g,Mediterranean,2,"pan, spatula","dessert, healthy, chef choice",none,₹128,Refrigerate up to 2 days,Beverage,dessert,https://images.unsplash.com/photo-1546069901-ba9599a7e63c?w=500&auto=format&fit=crop
Chef Deluxe American Starter #5,Starter,non-veg,30 min,fresh ingredients; olive oil; fragrant spices; signature sauce #5,Prepare fresh ingredients. Sauté on medium flame for 18 mins. Garnish with fresh herbs.,240 cal,23g,35g,14g,7g,American,2,"pan, spatula","starter, healthy, chef choice",none,₹140,Refrigerate up to 2 days,Beverage,starter,https://images.unsplash.com/photo-1546069901-ba9599a7e63c?w=500&auto=format&fit=crop
Chef Deluxe Thai Breakfast #6,Breakfast,veg,34 min,fresh ingredients; olive oil; fragrant spices; signature sauce #6,Prepare fresh ingredients. Sauté on medium flame for 20 mins. Garnish with fresh herbs.,252 cal,26g,39g,16g,2g,Thai,2,"pan, spatula","breakfast, healthy, chef choice",none,₹152,Refrigerate up to 2 days,Beverage,breakfast,https://images.unsplash.com/photo-1546069901-ba9599a7e63c?w=500&auto=format&fit=crop
Chef Deluxe Japanese Lunch #7,Lunch,non-veg,38 min,fresh ingredients; olive oil; fragrant spices; signature sauce #7,Prepare fresh ingredients. Sauté on medium flame for 22 mins. Garnish with fresh herbs.,264 cal,29g,43g,18g,3g,Japanese,2,"pan, spatula","lunch, healthy, chef choice",none,₹164,Refrigerate up to 2 days,Beverage,lunch,https://images.unsplash.com/photo-1546069901-ba9599a7e63c?w=500&auto=format&fit=crop
Chef Deluxe Middle Eastern Dinner #8,Dinner,veg,42 min,fresh ingredients; olive oil; fragrant spices; signature sauce #8,Prepare fresh ingredients. Sauté on medium flame for 24 mins. Garnish with fresh herbs.,276 cal,32g,47g,20g,4g,Middle Eastern,2,"pan, spatula","dinner, healthy, chef choice",none,₹176,Refrigerate up to 2 days,Beverage,dinner,https://images.unsplash.com/photo-1546069901-ba9599a7e63c?w=500&auto=format&fit=crop
Chef Deluxe Indian Snacks #9,Snacks,non-veg,46 min,fresh ingredients; olive oil; fragrant spices; signature sauce #9,Prepare fresh ingredients. Sauté on medium flame for 26 mins. Garnish with fresh herbs.,288 cal,35g,51g,22g,5g,Indian,2,"pan, spatula","snacks, healthy, chef choice",none,₹188,Refrigerate up to 2 days,Beverage,snacks,https://images.unsplash.com/photo-1546069901-ba9599a7e63c?w=500&auto=format&fit=crop
Chef Deluxe Italian Dessert #10,Dessert,veg,50 min,fresh ingredients; olive oil; fragrant spices; signature sauce #10,Prepare fresh ingredients. Sauté on medium flame for 8 mins. Garnish with fresh herbs.,300 cal,38g,55g,24g,6g,Italian,2,"pan, spatula","dessert, healthy, chef choice",none,₹200,Refrigerate up to 2 days,Beverage,dessert,https://images.unsplash.com/photo-1546069901-ba9599a7e63c?w=500&auto=format&fit=crop
Chef Deluxe Mexican Starter #11,Starter,non-veg,54 min,fresh ingredients; olive oil; fragrant spices; signature sauce #11,Prepare fresh ingredients. Sauté on medium flame for 10 mins. Garnish with fresh herbs.,312 cal,9g,59g,4g,7g,Mexican,2,"pan, spatula","starter, healthy, chef choice",none,₹212,Refrigerate up to 2 days,Beverage,starter,https://images.unsplash.com/photo-1546069901-ba9599a7e63c?w=500&auto=format&fit=crop
Chef Deluxe Asian Breakfast #12,Breakfast,veg,13 min,fresh ingredients; olive oil; fragrant spices; signature sauce #12,Prepare fresh ingredients. Sauté on medium flame for 12 mins. Garnish with fresh herbs.,324 cal,12g,63g,6g,2g,Asian,2,"pan, spatula","breakfast, healthy, chef choice",none,₹224,Refrigerate up to 2 days,Beverage,breakfast,https://images.unsplash.com/photo-1546069901-ba9599a7e63c?w=500&auto=format&fit=crop
Chef Deluxe Mediterranean Lunch #13,Lunch,non-veg,17 min,fresh ingredients; olive oil; fragrant spices; signature sauce #13,Prepare fresh ingredients. Sauté on medium flame for 14 mins. Garnish with fresh herbs.,336 cal,15g,67g,8g,3g,Mediterranean,2,"pan, spatula","lunch, healthy, chef choice",none,₹236,Refrigerate up to 2 days,Beverage,lunch,https://images.unsplash.com/photo-1546069901-ba9599a7e63c?w=500&auto=format&fit=crop
Chef Deluxe American Dinner #14,Dinner,veg,21 min,fresh ingredients; olive oil; fragrant spices; signature sauce #14,Prepare fresh ingredients. Sauté on medium flame for 16 mins. Garnish with fresh herbs.,348 cal,18g,16g,10g,4g,American,2,"pan, spatula","dinner, healthy, chef choice",none,₹248,Refrigerate up to 2 days,Beverage,dinner,https://images.unsplash.com/photo-1546069901-ba9599a7e63c?w=500&auto=format&fit=crop
Chef Deluxe Thai Snacks #15,Snacks,non-veg,25 min,fresh ingredients; olive oil; fragrant spices; signature sauce #15,Prepare fresh ingredients. Sauté on medium flame for 18 mins. Garnish with fresh herbs.,360 cal,21g,20g,12g,5g,Thai,2,"pan, spatula","snacks, healthy, chef choice",none,₹260,Refrigerate up to 2 days,Beverage,snacks,https://images.unsplash.com/photo-1546069901-ba9599a7e63c?w=500&auto=format&fit=crop
Chef Deluxe Japanese Dessert #16,Dessert,veg,29 min,fresh ingredients; olive oil; fragrant spices; signature sauce #16,Prepare fresh ingredients. Sauté on medium flame for 20 mins. Garnish with fresh herbs.,372 cal,24g,24g,14g,6g,Japanese,2,"pan, spatula","dessert, healthy, chef choice",none,₹272,Refrigerate up to 2 days,Beverage,dessert,https://images.unsplash.com/photo-1546069901-ba9599a7e63c?w=500&auto=format&fit=crop
Chef Deluxe Middle Eastern Starter #17,Starter,non-veg,33 min,fresh ingredients; olive oil; fragrant spices; signature sauce #17,Prepare fresh ingredients. Sauté on medium flame for 22 mins. Garnish with fresh herbs.,384 cal,27g,28g,16g,7g,Middle Eastern,2,"pan, spatula","starter, healthy, chef choice",none,₹284,Refrigerate up to 2 days,Beverage,starter,https://images.unsplash.com/photo-1546069901-ba9599a7e63c?w=500&auto=format&fit=crop
Chef Deluxe Indian Breakfast #18,Breakfast,veg,37 min,fresh ingredients; olive oil; fragrant spices; signature sauce #18,Prepare fresh ingredients. Sauté on medium flame for 24 mins. Garnish with fresh herbs.,396 cal,30g,32g,18g,2g,Indian,2,"pan, spatula","breakfast, healthy, chef choice",none,₹296,Refrigerate up to 2 days,Beverage,breakfast,https://images.unsplash.com/photo-1546069901-ba9599a7e63c?w=500&auto=format&fit=crop
Chef Deluxe Italian Lunch #19,Lunch,non-veg,41 min,fresh ingredients; olive oil; fragrant spices; signature sauce #19,Prepare fresh ingredients. Sauté on medium flame for 26 mins. Garnish with fresh herbs.,408 cal,33g,36g,20g,3g,Italian,2,"pan, spatula","lunch, healthy, chef choice",none,₹308,Refrigerate up to 2 days,Beverage,lunch,https://images.unsplash.com/photo-1546069901-ba9599a7e63c?w=500&auto=format&fit=crop
Chef Deluxe Mexican Dinner #20,Dinner,veg,45 min,fresh ingredients; olive oil; fragrant spices; signature sauce #20,Prepare fresh ingredients. Sauté on medium flame for 8 mins. Garnish with fresh herbs.,420 cal,36g,40g,22g,4g,Mexican,2,"pan, spatula","dinner, healthy, chef choice",none,₹320,Refrigerate up to 2 days,Beverage,dinner,https://images.unsplash.com/photo-1546069901-ba9599a7e63c?w=500&auto=format&fit=crop
Chef Deluxe Asian Snacks #21,Snacks,non-veg,49 min,fresh ingredients; olive oil; fragrant spices; signature sauce #21,Prepare fresh ingredients. Sauté on medium flame for 10 mins. Garnish with fresh herbs.,432 cal,39g,44g,24g,5g,Asian,2,"pan, spatula","snacks, healthy, chef choice",none,₹332,Refrigerate up to 2 days,Beverage,snacks,https://images.unsplash.com/photo-1546069901-ba9599a7e63c?w=500&auto=format&fit=crop
Chef Deluxe Mediterranean Dessert #22,Dessert,veg,53 min,fresh ingredients; olive oil; fragrant spices; signature sauce #22,Prepare fresh ingredients. Sauté on medium flame for 12 mins. Garnish with fresh herbs.,444 cal,10g,48g,4g,6g,Mediterranean,2,"pan, spatula","dessert, healthy, chef choice",none,₹344,Refrigerate up to 2 days,Beverage,dessert,https://images.unsplash.com/photo-1546069901-ba9599a7e63c?w=500&auto=format&fit=crop
Chef Deluxe American Starter #23,Starter,non-veg,12 min,fresh ingredients; olive oil; fragrant spices; signature sauce #23,Prepare fresh ingredients. Sauté on medium flame for 14 mins. Garnish with fresh herbs.,456 cal,13g,52g,6g,7g,American,2,"pan, spatula","starter, healthy, chef choice",none,₹356,Refrigerate up to 2 days,Beverage,starter,https://images.unsplash.com/photo-1546069901-ba9599a7e63c?w=500&auto=format&fit=crop
Chef Deluxe Thai Breakfast #24,Breakfast,veg,16 min,fresh ingredients; olive oil; fragrant spices; signature sauce #24,Prepare fresh ingredients. Sauté on medium flame for 16 mins. Garnish with fresh herbs.,468 cal,16g,56g,8g,2g,Thai,2,"pan, spatula","breakfast, healthy, chef choice",none,₹88,Refrigerate up to 2 days,Beverage,breakfast,https://images.unsplash.com/photo-1546069901-ba9599a7e63c?w=500&auto=format&fit=crop
Chef Deluxe Japanese Lunch #25,Lunch,non-veg,20 min,fresh ingredients; olive oil; fragrant spices; signature sauce #25,Prepare fresh ingredients. Sauté on medium flame for 18 mins. Garnish with fresh herbs.,480 cal,19g,60g,10g,3g,Japanese,2,"pan, spatula","lunch, healthy, chef choice",none,₹100,Refrigerate up to 2 days,Beverage,lunch,https://images.unsplash.com/photo-1546069901-ba9599a7e63c?w=500&auto=format&fit=crop
Chef Deluxe Middle Eastern Dinner #26,Dinner,veg,24 min,fresh ingredients; olive oil; fragrant spices; signature sauce #26,Prepare fresh ingredients. Sauté on medium flame for 20 mins. Garnish with fresh herbs.,492 cal,22g,64g,12g,4g,Middle Eastern,2,"pan, spatula","dinner, healthy, chef choice",none,₹112,Refrigerate up to 2 days,Beverage,dinner,https://images.unsplash.com/photo-1546069901-ba9599a7e63c?w=500&auto=format&fit=crop
Chef Deluxe Indian Snacks #27,Snacks,non-veg,28 min,fresh ingredients; olive oil; fragrant spices; signature sauce #27,Prepare fresh ingredients. Sauté on medium flame for 22 mins. Garnish with fresh herbs.,504 cal,25g,68g,14g,5g,Indian,2,"pan, spatula","snacks, healthy, chef choice",none,₹124,Refrigerate up to 2 days,Beverage,snacks,https://images.unsplash.com/photo-1546069901-ba9599a7e63c?w=500&auto=format&fit=crop
Chef Deluxe Italian Dessert #28,Dessert,veg,32 min,fresh ingredients; olive oil; fragrant spices; signature sauce #28,Prepare fresh ingredients. Sauté on medium flame for 24 mins. Garnish with fresh herbs.,516 cal,28g,17g,16g,6g,Italian,2,"pan, spatula","dessert, healthy, chef choice",none,₹136,Refrigerate up to 2 days,Beverage,dessert,https://images.unsplash.com/photo-1546069901-ba9599a7e63c?w=500&auto=format&fit=crop
Chef Deluxe Mexican Starter #29,Starter,non-veg,36 min,fresh ingredients; olive oil; fragrant spices; signature sauce #29,Prepare fresh ingredients. Sauté on medium flame for 26 mins. Garnish with fresh herbs.,528 cal,31g,21g,18g,7g,Mexican,2,"pan, spatula","starter, healthy, chef choice",none,₹148,Refrigerate up to 2 days,Beverage,starter,https://images.unsplash.com/photo-1546069901-ba9599a7e63c?w=500&auto=format&fit=crop
Chef Deluxe Asian Breakfast #30,Breakfast,veg,40 min,fresh ingredients; olive oil; fragrant spices; signature sauce #30,Prepare fresh ingredients. Sauté on medium flame for 8 mins. Garnish with fresh herbs.,540 cal,34g,25g,20g,2g,Asian,2,"pan, spatula","breakfast, healthy, chef choice",none,₹160,Refrigerate up to 2 days,Beverage,breakfast,https://images.unsplash.com/photo-1546069901-ba9599a7e63c?w=500&auto=format&fit=crop
Chef Deluxe Mediterranean Lunch #31,Lunch,non-veg,44 min,fresh ingredients; olive oil; fragrant spices; signature sauce #31,Prepare fresh ingredients. Sauté on medium flame for 10 mins. Garnish with fresh herbs.,552 cal,37g,29g,22g,3g,Mediterranean,2,"pan, spatula","lunch, healthy, chef choice",none,₹172,Refrigerate up to 2 days,Beverage,lunch,https://images.unsplash.com/photo-1546069901-ba9599a7e63c?w=500&auto=format&fit=crop
Chef Deluxe American Dinner #32,Dinner,veg,48 min,fresh ingredients; olive oil; fragrant spices; signature sauce #32,Prepare fresh ingredients. Sauté on medium flame for 12 mins. Garnish with fresh herbs.,564 cal,8g,33g,24g,4g,American,2,"pan, spatula","dinner, healthy, chef choice",none,₹184,Refrigerate up to 2 days,Beverage,dinner,https://images.unsplash.com/photo-1546069901-ba9599a7e63c?w=500&auto=format&fit=crop
Chef Deluxe Thai Snacks #33,Snacks,non-veg,52 min,fresh ingredients; olive oil; fragrant spices; signature sauce #33,Prepare fresh ingredients. Sauté on medium flame for 14 mins. Garnish with fresh herbs.,576 cal,11g,37g,4g,5g,Thai,2,"pan, spatula","snacks, healthy, chef choice",none,₹196,Refrigerate up to 2 days,Beverage,snacks,https://images.unsplash.com/photo-1546069901-ba9599a7e63c?w=500&auto=format&fit=crop
Chef Deluxe Japanese Dessert #34,Dessert,veg,11 min,fresh ingredients; olive oil; fragrant spices; signature sauce #34,Prepare fresh ingredients. Sauté on medium flame for 16 mins. Garnish with fresh herbs.,588 cal,14g,41g,6g,6g,Japanese,2,"pan, spatula","dessert, healthy, chef choice",none,₹208,Refrigerate up to 2 days,Beverage,dessert,https://images.unsplash.com/photo-1546069901-ba9599a7e63c?w=500&auto=format&fit=crop
Chef Deluxe Middle Eastern Starter #35,Starter,non-veg,15 min,fresh ingredients; olive oil; fragrant spices; signature sauce #35,Prepare fresh ingredients. Sauté on medium flame for 18 mins. Garnish with fresh herbs.,600 cal,17g,45g,8g,7g,Middle Eastern,2,"pan, spatula","starter, healthy, chef choice",none,₹220,Refrigerate up to 2 days,Beverage,starter,https://images.unsplash.com/photo-1546069901-ba9599a7e63c?w=500&auto=format&fit=crop
Chef Deluxe Indian Breakfast #36,Breakfast,veg,19 min,fresh ingredients; olive oil; fragrant spices; signature sauce #36,Prepare fresh ingredients. Sauté on medium flame for 20 mins. Garnish with fresh herbs.,612 cal,20g,49g,10g,2g,Indian,2,"pan, spatula","breakfast, healthy, chef choice",none,₹232,Refrigerate up to 2 days,Beverage,breakfast,https://images.unsplash.com/photo-1546069901-ba9599a7e63c?w=500&auto=format&fit=crop
Chef Deluxe Italian Lunch #37,Lunch,non-veg,23 min,fresh ingredients; olive oil; fragrant spices; signature sauce #37,Prepare fresh ingredients. Sauté on medium flame for 22 mins. Garnish with fresh herbs.,624 cal,23g,53g,12g,3g,Italian,2,"pan, spatula","lunch, healthy, chef choice",none,₹244,Refrigerate up to 2 days,Beverage,lunch,https://images.unsplash.com/photo-1546069901-ba9599a7e63c?w=500&auto=format&fit=crop
Chef Deluxe Mexican Dinner #38,Dinner,veg,27 min,fresh ingredients; olive oil; fragrant spices; signature sauce #38,Prepare fresh ingredients. Sauté on medium flame for 24 mins. Garnish with fresh herbs.,186 cal,26g,57g,14g,4g,Mexican,2,"pan, spatula","dinner, healthy, chef choice",none,₹256,Refrigerate up to 2 days,Beverage,dinner,https://images.unsplash.com/photo-1546069901-ba9599a7e63c?w=500&auto=format&fit=crop
Chef Deluxe Asian Snacks #39,Snacks,non-veg,31 min,fresh ingredients; olive oil; fragrant spices; signature sauce #39,Prepare fresh ingredients. Sauté on medium flame for 26 mins. Garnish with fresh herbs.,198 cal,29g,61g,16g,5g,Asian,2,"pan, spatula","snacks, healthy, chef choice",none,₹268,Refrigerate up to 2 days,Beverage,snacks,https://images.unsplash.com/photo-1546069901-ba9599a7e63c?w=500&auto=format&fit=crop
Chef Deluxe Mediterranean Dessert #40,Dessert,veg,35 min,fresh ingredients; olive oil; fragrant spices; signature sauce #40,Prepare fresh ingredients. Sauté on medium flame for 8 mins. Garnish with fresh herbs.,210 cal,32g,65g,18g,6g,Mediterranean,2,"pan, spatula","dessert, healthy, chef choice",none,₹280,Refrigerate up to 2 days,Beverage,dessert,https://images.unsplash.com/photo-1546069901-ba9599a7e63c?w=500&auto=format&fit=crop
Chef Deluxe American Starter #41,Starter,non-veg,39 min,fresh ingredients; olive oil; fragrant spices; signature sauce #41,Prepare fresh ingredients. Sauté on medium flame for 10 mins. Garnish with fresh herbs.,222 cal,35g,69g,20g,7g,American,2,"pan, spatula","starter, healthy, chef choice",none,₹292,Refrigerate up to 2 days,Beverage,starter,https://images.unsplash.com/photo-1546069901-ba9599a7e63c?w=500&auto=format&fit=crop
Chef Deluxe Thai Breakfast #42,Breakfast,veg,43 min,fresh ingredients; olive oil; fragrant spices; signature sauce #42,Prepare fresh ingredients. Sauté on medium flame for 12 mins. Garnish with fresh herbs.,234 cal,38g,18g,22g,2g,Thai,2,"pan, spatula","breakfast, healthy, chef choice",none,₹304,Refrigerate up to 2 days,Beverage,breakfast,https://images.unsplash.com/photo-1546069901-ba9599a7e63c?w=500&auto=format&fit=crop
Chef Deluxe Japanese Lunch #43,Lunch,non-veg,47 min,fresh ingredients; olive oil; fragrant spices; signature sauce #43,Prepare fresh ingredients. Sauté on medium flame for 14 mins. Garnish with fresh herbs.,246 cal,9g,22g,24g,3g,Japanese,2,"pan, spatula","lunch, healthy, chef choice",none,₹316,Refrigerate up to 2 days,Beverage,lunch,https://images.unsplash.com/photo-1546069901-ba9599a7e63c?w=500&auto=format&fit=crop
Chef Deluxe Middle Eastern Dinner #44,Dinner,veg,51 min,fresh ingredients; olive oil; fragrant spices; signature sauce #44,Prepare fresh ingredients. Sauté on medium flame for 16 mins. Garnish with fresh herbs.,258 cal,12g,26g,4g,4g,Middle Eastern,2,"pan, spatula","dinner, healthy, chef choice",none,₹328,Refrigerate up to 2 days,Beverage,dinner,https://images.unsplash.com/photo-1546069901-ba9599a7e63c?w=500&auto=format&fit=crop
Chef Deluxe Indian Snacks #45,Snacks,non-veg,10 min,fresh ingredients; olive oil; fragrant spices; signature sauce #45,Prepare fresh ingredients. Sauté on medium flame for 18 mins. Garnish with fresh herbs.,270 cal,15g,30g,6g,5g,Indian,2,"pan, spatula","snacks, healthy, chef choice",none,₹340,Refrigerate up to 2 days,Beverage,snacks,https://images.unsplash.com/photo-1546069901-ba9599a7e63c?w=500&auto=format&fit=crop
Chef Deluxe Italian Dessert #46,Dessert,veg,14 min,fresh ingredients; olive oil; fragrant spices; signature sauce #46,Prepare fresh ingredients. Sauté on medium flame for 20 mins. Garnish with fresh herbs.,282 cal,18g,34g,8g,6g,Italian,2,"pan, spatula","dessert, healthy, chef choice",none,₹352,Refrigerate up to 2 days,Beverage,dessert,https://images.unsplash.com/photo-1546069901-ba9599a7e63c?w=500&auto=format&fit=crop
Chef Deluxe Mexican Starter #47,Starter,non-veg,18 min,fresh ingredients; olive oil; fragrant spices; signature sauce #47,Prepare fresh ingredients. Sauté on medium flame for 22 mins. Garnish with fresh herbs.,294 cal,21g,38g,10g,7g,Mexican,2,"pan, spatula","starter, healthy, chef choice",none,₹84,Refrigerate up to 2 days,Beverage,starter,https://images.unsplash.com/photo-1546069901-ba9599a7e63c?w=500&auto=format&fit=crop
Chef Deluxe Asian Breakfast #48,Breakfast,veg,22 min,fresh ingredients; olive oil; fragrant spices; signature sauce #48,Prepare fresh ingredients. Sauté on medium flame for 24 mins. Garnish with fresh herbs.,306 cal,24g,42g,12g,2g,Asian,2,"pan, spatula","breakfast, healthy, chef choice",none,₹96,Refrigerate up to 2 days,Beverage,breakfast,https://images.unsplash.com/photo-1546069901-ba9599a7e63c?w=500&auto=format&fit=crop
Chef Deluxe Mediterranean Lunch #49,Lunch,non-veg,26 min,fresh ingredients; olive oil; fragrant spices; signature sauce #49,Prepare fresh ingredients. Sauté on medium flame for 26 mins. Garnish with fresh herbs.,318 cal,27g,46g,14g,3g,Mediterranean,2,"pan, spatula","lunch, healthy, chef choice",none,₹108,Refrigerate up to 2 days,Beverage,lunch,https://images.unsplash.com/photo-1546069901-ba9599a7e63c?w=500&auto=format&fit=crop
Chef Deluxe American Dinner #50,Dinner,veg,30 min,fresh ingredients; olive oil; fragrant spices; signature sauce #50,Prepare fresh ingredients. Sauté on medium flame for 8 mins. Garnish with fresh herbs.,330 cal,30g,50g,16g,4g,American,2,"pan, spatula","dinner, healthy, chef choice",none,₹120,Refrigerate up to 2 days,Beverage,dinner,https://images.unsplash.com/photo-1546069901-ba9599a7e63c?w=500&auto=format&fit=crop
Chef Deluxe Thai Snacks #51,Snacks,non-veg,34 min,fresh ingredients; olive oil; fragrant spices; signature sauce #51,Prepare fresh ingredients. Sauté on medium flame for 10 mins. Garnish with fresh herbs.,342 cal,33g,54g,18g,5g,Thai,2,"pan, spatula","snacks, healthy, chef choice",none,₹132,Refrigerate up to 2 days,Beverage,snacks,https://images.unsplash.com/photo-1546069901-ba9599a7e63c?w=500&auto=format&fit=crop
Chef Deluxe Japanese Dessert #52,Dessert,veg,38 min,fresh ingredients; olive oil; fragrant spices; signature sauce #52,Prepare fresh ingredients. Sauté on medium flame for 12 mins. Garnish with fresh herbs.,354 cal,36g,58g,20g,6g,Japanese,2,"pan, spatula","dessert, healthy, chef choice",none,₹144,Refrigerate up to 2 days,Beverage,dessert,https://images.unsplash.com/photo-1546069901-ba9599a7e63c?w=500&auto=format&fit=crop
Chef Deluxe Middle Eastern Starter #53,Starter,non-veg,42 min,fresh ingredients; olive oil; fragrant spices; signature sauce #53,Prepare fresh ingredients. Sauté on medium flame for 14 mins. Garnish with fresh herbs.,366 cal,39g,62g,22g,7g,Middle Eastern,2,"pan, spatula","starter, healthy, chef choice",none,₹156,Refrigerate up to 2 days,Beverage,starter,https://images.unsplash.com/photo-1546069901-ba9599a7e63c?w=500&auto=format&fit=crop
Chef Deluxe Indian Breakfast #54,Breakfast,veg,46 min,fresh ingredients; olive oil; fragrant spices; signature sauce #54,Prepare fresh ingredients. Sauté on medium flame for 16 mins. Garnish with fresh herbs.,378 cal,10g,66g,24g,2g,Indian,2,"pan, spatula","breakfast, healthy, chef choice",none,₹168,Refrigerate up to 2 days,Beverage,breakfast,https://images.unsplash.com/photo-1546069901-ba9599a7e63c?w=500&auto=format&fit=crop
Chef Deluxe Italian Lunch #55,Lunch,non-veg,50 min,fresh ingredients; olive oil; fragrant spices; signature sauce #55,Prepare fresh ingredients. Sauté on medium flame for 18 mins. Garnish with fresh herbs.,390 cal,13g,15g,4g,3g,Italian,2,"pan, spatula","lunch, healthy, chef choice",none,₹180,Refrigerate up to 2 days,Beverage,lunch,https://images.unsplash.com/photo-1546069901-ba9599a7e63c?w=500&auto=format&fit=crop
Chef Deluxe Mexican Dinner #56,Dinner,veg,54 min,fresh ingredients; olive oil; fragrant spices; signature sauce #56,Prepare fresh ingredients. Sauté on medium flame for 20 mins. Garnish with fresh herbs.,402 cal,16g,19g,6g,4g,Mexican,2,"pan, spatula","dinner, healthy, chef choice",none,₹192,Refrigerate up to 2 days,Beverage,dinner,https://images.unsplash.com/photo-1546069901-ba9599a7e63c?w=500&auto=format&fit=crop
Chef Deluxe Asian Snacks #57,Snacks,non-veg,13 min,fresh ingredients; olive oil; fragrant spices; signature sauce #57,Prepare fresh ingredients. Sauté on medium flame for 22 mins. Garnish with fresh herbs.,414 cal,19g,23g,8g,5g,Asian,2,"pan, spatula","snacks, healthy, chef choice",none,₹204,Refrigerate up to 2 days,Beverage,snacks,https://images.unsplash.com/photo-1546069901-ba9599a7e63c?w=500&auto=format&fit=crop
Chef Deluxe Mediterranean Dessert #58,Dessert,veg,17 min,fresh ingredients; olive oil; fragrant spices; signature sauce #58,Prepare fresh ingredients. Sauté on medium flame for 24 mins. Garnish with fresh herbs.,426 cal,22g,27g,10g,6g,Mediterranean,2,"pan, spatula","dessert, healthy, chef choice",none,₹216,Refrigerate up to 2 days,Beverage,dessert,https://images.unsplash.com/photo-1546069901-ba9599a7e63c?w=500&auto=format&fit=crop
Chef Deluxe American Starter #59,Starter,non-veg,21 min,fresh ingredients; olive oil; fragrant spices; signature sauce #59,Prepare fresh ingredients. Sauté on medium flame for 26 mins. Garnish with fresh herbs.,438 cal,25g,31g,12g,7g,American,2,"pan, spatula","starter, healthy, chef choice",none,₹228,Refrigerate up to 2 days,Beverage,starter,https://images.unsplash.com/photo-1546069901-ba9599a7e63c?w=500&auto=format&fit=crop
Chef Deluxe Thai Breakfast #60,Breakfast,veg,25 min,fresh ingredients; olive oil; fragrant spices; signature sauce #60,Prepare fresh ingredients. Sauté on medium flame for 8 mins. Garnish with fresh herbs.,450 cal,28g,35g,14g,2g,Thai,2,"pan, spatula","breakfast, healthy, chef choice",none,₹240,Refrigerate up to 2 days,Beverage,breakfast,https://images.unsplash.com/photo-1546069901-ba9599a7e63c?w=500&auto=format&fit=crop
Chef Deluxe Japanese Lunch #61,Lunch,non-veg,29 min,fresh ingredients; olive oil; fragrant spices; signature sauce #61,Prepare fresh ingredients. Sauté on medium flame for 10 mins. Garnish with fresh herbs.,462 cal,31g,39g,16g,3g,Japanese,2,"pan, spatula","lunch, healthy, chef choice",none,₹252,Refrigerate up to 2 days,Beverage,lunch,https://images.unsplash.com/photo-1546069901-ba9599a7e63c?w=500&auto=format&fit=crop
Chef Deluxe Middle Eastern Dinner #62,Dinner,veg,33 min,fresh ingredients; olive oil; fragrant spices; signature sauce #62,Prepare fresh ingredients. Sauté on medium flame for 12 mins. Garnish with fresh herbs.,474 cal,34g,43g,18g,4g,Middle Eastern,2,"pan, spatula","dinner, healthy, chef choice",none,₹264,Refrigerate up to 2 days,Beverage,dinner,https://images.unsplash.com/photo-1546069901-ba9599a7e63c?w=500&auto=format&fit=crop
Chef Deluxe Indian Snacks #63,Snacks,non-veg,37 min,fresh ingredients; olive oil; fragrant spices; signature sauce #63,Prepare fresh ingredients. Sauté on medium flame for 14 mins. Garnish with fresh herbs.,486 cal,37g,47g,20g,5g,Indian,2,"pan, spatula","snacks, healthy, chef choice",none,₹276,Refrigerate up to 2 days,Beverage,snacks,https://images.unsplash.com/photo-1546069901-ba9599a7e63c?w=500&auto=format&fit=crop
Chef Deluxe Italian Dessert #64,Dessert,veg,41 min,fresh ingredients; olive oil; fragrant spices; signature sauce #64,Prepare fresh ingredients. Sauté on medium flame for 16 mins. Garnish with fresh herbs.,498 cal,8g,51g,22g,6g,Italian,2,"pan, spatula","dessert, healthy, chef choice",none,₹288,Refrigerate up to 2 days,Beverage,dessert,https://images.unsplash.com/photo-1546069901-ba9599a7e63c?w=500&auto=format&fit=crop
Chef Deluxe Mexican Starter #65,Starter,non-veg,45 min,fresh ingredients; olive oil; fragrant spices; signature sauce #65,Prepare fresh ingredients. Sauté on medium flame for 18 mins. Garnish with fresh herbs.,510 cal,11g,55g,24g,7g,Mexican,2,"pan, spatula","starter, healthy, chef choice",none,₹300,Refrigerate up to 2 days,Beverage,starter,https://images.unsplash.com/photo-1546069901-ba9599a7e63c?w=500&auto=format&fit=crop
Chef Deluxe Asian Breakfast #66,Breakfast,veg,49 min,fresh ingredients; olive oil; fragrant spices; signature sauce #66,Prepare fresh ingredients. Sauté on medium flame for 20 mins. Garnish with fresh herbs.,522 cal,14g,59g,4g,2g,Asian,2,"pan, spatula","breakfast, healthy, chef choice",none,₹312,Refrigerate up to 2 days,Beverage,breakfast,https://images.unsplash.com/photo-1546069901-ba9599a7e63c?w=500&auto=format&fit=crop
Chef Deluxe Mediterranean Lunch #67,Lunch,non-veg,53 min,fresh ingredients; olive oil; fragrant spices; signature sauce #67,Prepare fresh ingredients. Sauté on medium flame for 22 mins. Garnish with fresh herbs.,534 cal,17g,63g,6g,3g,Mediterranean,2,"pan, spatula","lunch, healthy, chef choice",none,₹324,Refrigerate up to 2 days,Beverage,lunch,https://images.unsplash.com/photo-1546069901-ba9599a7e63c?w=500&auto=format&fit=crop
Chef Deluxe American Dinner #68,Dinner,veg,12 min,fresh ingredients; olive oil; fragrant spices; signature sauce #68,Prepare fresh ingredients. Sauté on medium flame for 24 mins. Garnish with fresh herbs.,546 cal,20g,67g,8g,4g,American,2,"pan, spatula","dinner, healthy, chef choice",none,₹336,Refrigerate up to 2 days,Beverage,dinner,https://images.unsplash.com/photo-1546069901-ba9599a7e63c?w=500&auto=format&fit=crop
Chef Deluxe Thai Snacks #69,Snacks,non-veg,16 min,fresh ingredients; olive oil; fragrant spices; signature sauce #69,Prepare fresh ingredients. Sauté on medium flame for 26 mins. Garnish with fresh herbs.,558 cal,23g,16g,10g,5g,Thai,2,"pan, spatula","snacks, healthy, chef choice",none,₹348,Refrigerate up to 2 days,Beverage,snacks,https://images.unsplash.com/photo-1546069901-ba9599a7e63c?w=500&auto=format&fit=crop
Chef Deluxe Japanese Dessert #70,Dessert,veg,20 min,fresh ingredients; olive oil; fragrant spices; signature sauce #70,Prepare fresh ingredients. Sauté on medium flame for 8 mins. Garnish with fresh herbs.,570 cal,26g,20g,12g,6g,Japanese,2,"pan, spatula","dessert, healthy, chef choice",none,₹80,Refrigerate up to 2 days,Beverage,dessert,https://images.unsplash.com/photo-1546069901-ba9599a7e63c?w=500&auto=format&fit=crop
Chef Deluxe Middle Eastern Starter #71,Starter,non-veg,24 min,fresh ingredients; olive oil; fragrant spices; signature sauce #71,Prepare fresh ingredients. Sauté on medium flame for 10 mins. Garnish with fresh herbs.,582 cal,29g,24g,14g,7g,Middle Eastern,2,"pan, spatula","starter, healthy, chef choice",none,₹92,Refrigerate up to 2 days,Beverage,starter,https://images.unsplash.com/photo-1546069901-ba9599a7e63c?w=500&auto=format&fit=crop
Chef Deluxe Indian Breakfast #72,Breakfast,veg,28 min,fresh ingredients; olive oil; fragrant spices; signature sauce #72,Prepare fresh ingredients. Sauté on medium flame for 12 mins. Garnish with fresh herbs.,594 cal,32g,28g,16g,2g,Indian,2,"pan, spatula","breakfast, healthy, chef choice",none,₹104,Refrigerate up to 2 days,Beverage,breakfast,https://images.unsplash.com/photo-1546069901-ba9599a7e63c?w=500&auto=format&fit=crop
Chef Deluxe Italian Lunch #73,Lunch,non-veg,32 min,fresh ingredients; olive oil; fragrant spices; signature sauce #73,Prepare fresh ingredients. Sauté on medium flame for 14 mins. Garnish with fresh herbs.,606 cal,35g,32g,18g,3g,Italian,2,"pan, spatula","lunch, healthy, chef choice",none,₹116,Refrigerate up to 2 days,Beverage,lunch,https://images.unsplash.com/photo-1546069901-ba9599a7e63c?w=500&auto=format&fit=crop
Chef Deluxe Mexican Dinner #74,Dinner,veg,36 min,fresh ingredients; olive oil; fragrant spices; signature sauce #74,Prepare fresh ingredients. Sauté on medium flame for 16 mins. Garnish with fresh herbs.,618 cal,38g,36g,20g,4g,Mexican,2,"pan, spatula","dinner, healthy, chef choice",none,₹128,Refrigerate up to 2 days,Beverage,dinner,https://images.unsplash.com/photo-1546069901-ba9599a7e63c?w=500&auto=format&fit=crop
Chef Deluxe Asian Snacks #75,Snacks,non-veg,40 min,fresh ingredients; olive oil; fragrant spices; signature sauce #75,Prepare fresh ingredients. Sauté on medium flame for 18 mins. Garnish with fresh herbs.,180 cal,9g,40g,22g,5g,Asian,2,"pan, spatula","snacks, healthy, chef choice",none,₹140,Refrigerate up to 2 days,Beverage,snacks,https://images.unsplash.com/photo-1546069901-ba9599a7e63c?w=500&auto=format&fit=crop
Chef Deluxe Mediterranean Dessert #76,Dessert,veg,44 min,fresh ingredients; olive oil; fragrant spices; signature sauce #76,Prepare fresh ingredients. Sauté on medium flame for 20 mins. Garnish with fresh herbs.,192 cal,12g,44g,24g,6g,Mediterranean,2,"pan, spatula","dessert, healthy, chef choice",none,₹152,Refrigerate up to 2 days,Beverage,dessert,https://images.unsplash.com/photo-1546069901-ba9599a7e63c?w=500&auto=format&fit=crop
Chef Deluxe American Starter #77,Starter,non-veg,48 min,fresh ingredients; olive oil; fragrant spices; signature sauce #77,Prepare fresh ingredients. Sauté on medium flame for 22 mins. Garnish with fresh herbs.,204 cal,15g,48g,4g,7g,American,2,"pan, spatula","starter, healthy, chef choice",none,₹164,Refrigerate up to 2 days,Beverage,starter,https://images.unsplash.com/photo-1546069901-ba9599a7e63c?w=500&auto=format&fit=crop
Chef Deluxe Thai Breakfast #78,Breakfast,veg,52 min,fresh ingredients; olive oil; fragrant spices; signature sauce #78,Prepare fresh ingredients. Sauté on medium flame for 24 mins. Garnish with fresh herbs.,216 cal,18g,52g,6g,2g,Thai,2,"pan, spatula","breakfast, healthy, chef choice",none,₹176,Refrigerate up to 2 days,Beverage,breakfast,https://images.unsplash.com/photo-1546069901-ba9599a7e63c?w=500&auto=format&fit=crop
Chef Deluxe Japanese Lunch #79,Lunch,non-veg,11 min,fresh ingredients; olive oil; fragrant spices; signature sauce #79,Prepare fresh ingredients. Sauté on medium flame for 26 mins. Garnish with fresh herbs.,228 cal,21g,56g,8g,3g,Japanese,2,"pan, spatula","lunch, healthy, chef choice",none,₹188,Refrigerate up to 2 days,Beverage,lunch,https://images.unsplash.com/photo-1546069901-ba9599a7e63c?w=500&auto=format&fit=crop
Chef Deluxe Middle Eastern Dinner #80,Dinner,veg,15 min,fresh ingredients; olive oil; fragrant spices; signature sauce #80,Prepare fresh ingredients. Sauté on medium flame for 8 mins. Garnish with fresh herbs.,240 cal,24g,60g,10g,4g,Middle Eastern,2,"pan, spatula","dinner, healthy, chef choice",none,₹200,Refrigerate up to 2 days,Beverage,dinner,https://images.unsplash.com/photo-1546069901-ba9599a7e63c?w=500&auto=format&fit=crop
Chef Deluxe Indian Snacks #81,Snacks,non-veg,19 min,fresh ingredients; olive oil; fragrant spices; signature sauce #81,Prepare fresh ingredients. Sauté on medium flame for 10 mins. Garnish with fresh herbs.,252 cal,27g,64g,12g,5g,Indian,2,"pan, spatula","snacks, healthy, chef choice",none,₹212,Refrigerate up to 2 days,Beverage,snacks,https://images.unsplash.com/photo-1546069901-ba9599a7e63c?w=500&auto=format&fit=crop
Chef Deluxe Italian Dessert #82,Dessert,veg,23 min,fresh ingredients; olive oil; fragrant spices; signature sauce #82,Prepare fresh ingredients. Sauté on medium flame for 12 mins. Garnish with fresh herbs.,264 cal,30g,68g,14g,6g,Italian,2,"pan, spatula","dessert, healthy, chef choice",none,₹224,Refrigerate up to 2 days,Beverage,dessert,https://images.unsplash.com/photo-1546069901-ba9599a7e63c?w=500&auto=format&fit=crop
Chef Deluxe Mexican Starter #83,Starter,non-veg,27 min,fresh ingredients; olive oil; fragrant spices; signature sauce #83,Prepare fresh ingredients. Sauté on medium flame for 14 mins. Garnish with fresh herbs.,276 cal,33g,17g,16g,7g,Mexican,2,"pan, spatula","starter, healthy, chef choice",none,₹236,Refrigerate up to 2 days,Beverage,starter,https://images.unsplash.com/photo-1546069901-ba9599a7e63c?w=500&auto=format&fit=crop
Chef Deluxe Asian Breakfast #84,Breakfast,veg,31 min,fresh ingredients; olive oil; fragrant spices; signature sauce #84,Prepare fresh ingredients. Sauté on medium flame for 16 mins. Garnish with fresh herbs.,288 cal,36g,21g,18g,2g,Asian,2,"pan, spatula","breakfast, healthy, chef choice",none,₹248,Refrigerate up to 2 days,Beverage,breakfast,https://images.unsplash.com/photo-1546069901-ba9599a7e63c?w=500&auto=format&fit=crop
Chef Deluxe Mediterranean Lunch #85,Lunch,non-veg,35 min,fresh ingredients; olive oil; fragrant spices; signature sauce #85,Prepare fresh ingredients. Sauté on medium flame for 18 mins. Garnish with fresh herbs.,300 cal,39g,25g,20g,3g,Mediterranean,2,"pan, spatula","lunch, healthy, chef choice",none,₹260,Refrigerate up to 2 days,Beverage,lunch,https://images.unsplash.com/photo-1546069901-ba9599a7e63c?w=500&auto=format&fit=crop
Chef Deluxe American Dinner #86,Dinner,veg,39 min,fresh ingredients; olive oil; fragrant spices; signature sauce #86,Prepare fresh ingredients. Sauté on medium flame for 20 mins. Garnish with fresh herbs.,312 cal,10g,29g,22g,4g,American,2,"pan, spatula","dinner, healthy, chef choice",none,₹272,Refrigerate up to 2 days,Beverage,dinner,https://images.unsplash.com/photo-1546069901-ba9599a7e63c?w=500&auto=format&fit=crop
Chef Deluxe Thai Snacks #87,Snacks,non-veg,43 min,fresh ingredients; olive oil; fragrant spices; signature sauce #87,Prepare fresh ingredients. Sauté on medium flame for 22 mins. Garnish with fresh herbs.,324 cal,13g,33g,24g,5g,Thai,2,"pan, spatula","snacks, healthy, chef choice",none,₹284,Refrigerate up to 2 days,Beverage,snacks,https://images.unsplash.com/photo-1546069901-ba9599a7e63c?w=500&auto=format&fit=crop
Chef Deluxe Japanese Dessert #88,Dessert,veg,47 min,fresh ingredients; olive oil; fragrant spices; signature sauce #88,Prepare fresh ingredients. Sauté on medium flame for 24 mins. Garnish with fresh herbs.,336 cal,16g,37g,4g,6g,Japanese,2,"pan, spatula","dessert, healthy, chef choice",none,₹296,Refrigerate up to 2 days,Beverage,dessert,https://images.unsplash.com/photo-1546069901-ba9599a7e63c?w=500&auto=format&fit=crop
Chef Deluxe Middle Eastern Starter #89,Starter,non-veg,51 min,fresh ingredients; olive oil; fragrant spices; signature sauce #89,Prepare fresh ingredients. Sauté on medium flame for 26 mins. Garnish with fresh herbs.,348 cal,19g,41g,6g,7g,Middle Eastern,2,"pan, spatula","starter, healthy, chef choice",none,₹308,Refrigerate up to 2 days,Beverage,starter,https://images.unsplash.com/photo-1546069901-ba9599a7e63c?w=500&auto=format&fit=crop
Chef Deluxe Indian Breakfast #90,Breakfast,veg,10 min,fresh ingredients; olive oil; fragrant spices; signature sauce #90,Prepare fresh ingredients. Sauté on medium flame for 8 mins. Garnish with fresh herbs.,360 cal,22g,45g,8g,2g,Indian,2,"pan, spatula","breakfast, healthy, chef choice",none,₹320,Refrigerate up to 2 days,Beverage,breakfast,https://images.unsplash.com/photo-1546069901-ba9599a7e63c?w=500&auto=format&fit=crop
Chef Deluxe Italian Lunch #91,Lunch,non-veg,14 min,fresh ingredients; olive oil; fragrant spices; signature sauce #91,Prepare fresh ingredients. Sauté on medium flame for 10 mins. Garnish with fresh herbs.,372 cal,25g,49g,10g,3g,Italian,2,"pan, spatula","lunch, healthy, chef choice",none,₹332,Refrigerate up to 2 days,Beverage,lunch,https://images.unsplash.com/photo-1546069901-ba9599a7e63c?w=500&auto=format&fit=crop
Chef Deluxe Mexican Dinner #92,Dinner,veg,18 min,fresh ingredients; olive oil; fragrant spices; signature sauce #92,Prepare fresh ingredients. Sauté on medium flame for 12 mins. Garnish with fresh herbs.,384 cal,28g,53g,12g,4g,Mexican,2,"pan, spatula","dinner, healthy, chef choice",none,₹344,Refrigerate up to 2 days,Beverage,dinner,https://images.unsplash.com/photo-1546069901-ba9599a7e63c?w=500&auto=format&fit=crop
Chef Deluxe Asian Snacks #93,Snacks,non-veg,22 min,fresh ingredients; olive oil; fragrant spices; signature sauce #93,Prepare fresh ingredients. Sauté on medium flame for 14 mins. Garnish with fresh herbs.,396 cal,31g,57g,14g,5g,Asian,2,"pan, spatula","snacks, healthy, chef choice",none,₹356,Refrigerate up to 2 days,Beverage,snacks,https://images.unsplash.com/photo-1546069901-ba9599a7e63c?w=500&auto=format&fit=crop
Chef Deluxe Mediterranean Dessert #94,Dessert,veg,26 min,fresh ingredients; olive oil; fragrant spices; signature sauce #94,Prepare fresh ingredients. Sauté on medium flame for 16 mins. Garnish with fresh herbs.,408 cal,34g,61g,16g,6g,Mediterranean,2,"pan, spatula","dessert, healthy, chef choice",none,₹88,Refrigerate up to 2 days,Beverage,dessert,https://images.unsplash.com/photo-1546069901-ba9599a7e63c?w=500&auto=format&fit=crop
Chef Deluxe American Starter #95,Starter,non-veg,30 min,fresh ingredients; olive oil; fragrant spices; signature sauce #95,Prepare fresh ingredients. Sauté on medium flame for 18 mins. Garnish with fresh herbs.,420 cal,37g,65g,18g,7g,American,2,"pan, spatula","starter, healthy, chef choice",none,₹100,Refrigerate up to 2 days,Beverage,starter,https://images.unsplash.com/photo-1546069901-ba9599a7e63c?w=500&auto=format&fit=crop
Chef Deluxe Thai Breakfast #96,Breakfast,veg,34 min,fresh ingredients; olive oil; fragrant spices; signature sauce #96,Prepare fresh ingredients. Sauté on medium flame for 20 mins. Garnish with fresh herbs.,432 cal,8g,69g,20g,2g,Thai,2,"pan, spatula","breakfast, healthy, chef choice",none,₹112,Refrigerate up to 2 days,Beverage,breakfast,https://images.unsplash.com/photo-1546069901-ba9599a7e63c?w=500&auto=format&fit=crop
Chef Deluxe Japanese Lunch #97,Lunch,non-veg,38 min,fresh ingredients; olive oil; fragrant spices; signature sauce #97,Prepare fresh ingredients. Sauté on medium flame for 22 mins. Garnish with fresh herbs.,444 cal,11g,18g,22g,3g,Japanese,2,"pan, spatula","lunch, healthy, chef choice",none,₹124,Refrigerate up to 2 days,Beverage,lunch,https://images.unsplash.com/photo-1546069901-ba9599a7e63c?w=500&auto=format&fit=crop
Chef Deluxe Middle Eastern Dinner #98,Dinner,veg,42 min,fresh ingredients; olive oil; fragrant spices; signature sauce #98,Prepare fresh ingredients. Sauté on medium flame for 24 mins. Garnish with fresh herbs.,456 cal,14g,22g,24g,4g,Middle Eastern,2,"pan, spatula","dinner, healthy, chef choice",none,₹136,Refrigerate up to 2 days,Beverage,dinner,https://images.unsplash.com/photo-1546069901-ba9599a7e63c?w=500&auto=format&fit=crop
Chef Deluxe Indian Snacks #99,Snacks,non-veg,46 min,fresh ingredients; olive oil; fragrant spices; signature sauce #99,Prepare fresh ingredients. Sauté on medium flame for 26 mins. Garnish with fresh herbs.,468 cal,17g,26g,4g,5g,Indian,2,"pan, spatula","snacks, healthy, chef choice",none,₹148,Refrigerate up to 2 days,Beverage,snacks,https://images.unsplash.com/photo-1546069901-ba9599a7e63c?w=500&auto=format&fit=crop
Chef Deluxe Italian Dessert #100,Dessert,veg,50 min,fresh ingredients; olive oil; fragrant spices; signature sauce #100,Prepare fresh ingredients. Sauté on medium flame for 8 mins. Garnish with fresh herbs.,480 cal,20g,30g,6g,6g,Italian,2,"pan, spatula","dessert, healthy, chef choice",none,₹160,Refrigerate up to 2 days,Beverage,dessert,https://images.unsplash.com/photo-1546069901-ba9599a7e63c?w=500&auto=format&fit=crop
Chef Deluxe Mexican Starter #101,Starter,non-veg,54 min,fresh ingredients; olive oil; fragrant spices; signature sauce #101,Prepare fresh ingredients. Sauté on medium flame for 10 mins. Garnish with fresh herbs.,492 cal,23g,34g,8g,7g,Mexican,2,"pan, spatula","starter, healthy, chef choice",none,₹172,Refrigerate up to 2 days,Beverage,starter,https://images.unsplash.com/photo-1546069901-ba9599a7e63c?w=500&auto=format&fit=crop
Chef Deluxe Asian Breakfast #102,Breakfast,veg,13 min,fresh ingredients; olive oil; fragrant spices; signature sauce #102,Prepare fresh ingredients. Sauté on medium flame for 12 mins. Garnish with fresh herbs.,504 cal,26g,38g,10g,2g,Asian,2,"pan, spatula","breakfast, healthy, chef choice",none,₹184,Refrigerate up to 2 days,Beverage,breakfast,https://images.unsplash.com/photo-1546069901-ba9599a7e63c?w=500&auto=format&fit=crop
Chef Deluxe Mediterranean Lunch #103,Lunch,non-veg,17 min,fresh ingredients; olive oil; fragrant spices; signature sauce #103,Prepare fresh ingredients. Sauté on medium flame for 14 mins. Garnish with fresh herbs.,516 cal,29g,42g,12g,3g,Mediterranean,2,"pan, spatula","lunch, healthy, chef choice",none,₹196,Refrigerate up to 2 days,Beverage,lunch,https://images.unsplash.com/photo-1546069901-ba9599a7e63c?w=500&auto=format&fit=crop
Chef Deluxe American Dinner #104,Dinner,veg,21 min,fresh ingredients; olive oil; fragrant spices; signature sauce #104,Prepare fresh ingredients. Sauté on medium flame for 16 mins. Garnish with fresh herbs.,528 cal,32g,46g,14g,4g,American,2,"pan, spatula","dinner, healthy, chef choice",none,₹208,Refrigerate up to 2 days,Beverage,dinner,https://images.unsplash.com/photo-1546069901-ba9599a7e63c?w=500&auto=format&fit=crop
